commit_id,author_id,date,loc,addition,deletion,file_num,bug_num,author_activity_in_last_four_weeks,total_commit_num,buggy_commit_num,total_bug_num,first_commit_week,active_week_num,followers,public_repos,created_at,total_commits,total_files,days_after_creation,size,stargazers_count,watchers_count,forks_count,network_count
0d792c39883fe3a41ee5875114d1efa6c4801b13,romani,2018-06-15T02:18:09Z,313,188,125,25,1,"{'addition': 2408, 'deletion': 1976, 'commits': 54}",2502,21,30,2013-09-08 08:00:00,321,68,6,2011-05-26T20:42:39Z,10119,3736,2773,85058,5937,5937,7802,7802
91d93869b3b11970592c719373cd2dd2c61a0919,Nimfadora,2017-07-27T20:03:59Z,627,330,297,8,1,"{'addition': 1509, 'deletion': 935, 'commits': 29}",94,1,1,2017-03-26 08:00:00,24,5,22,2015-01-15T09:27:12Z,10119,3736,2773,85058,5937,5937,7802,7802
4fd298b00126d60147dce7631c6e0d3e0921f82f,mkordas,2015-08-07T22:13:36Z,34,17,17,15,1,"{'addition': 1167, 'deletion': 835, 'commits': 44}",713,22,28,2014-12-14 08:00:00,48,41,93,2013-09-16T06:11:30Z,10119,3736,2773,85058,5937,5937,7802,7802
cf3fcdb006f3ba7b41c75fdec25837ed4131b04b,rnveach,2018-05-05T02:03:07Z,528,527,1,4,1,"{'addition': 1446, 'deletion': 881, 'commits': 5}",767,12,15,2015-09-06 08:00:00,156,21,36,2013-09-10T14:27:02Z,10119,3736,2773,85058,5937,5937,7802,7802
d1dc1b455d225d157599ccf828e356f64075fe91,rnveach,2018-05-26T17:24:23Z,8,4,4,1,1,"{'addition': 1138, 'deletion': 374, 'commits': 19}",767,12,15,2015-09-06 08:00:00,156,21,36,2013-09-10T14:27:02Z,10119,3736,2773,85058,5937,5937,7802,7802
5b45d5a853f6babe70098b1a034c5ebab36d723d,rnveach,2018-07-04T01:53:27Z,639,329,310,34,1,"{'addition': 58, 'deletion': 2, 'commits': 2}",767,12,15,2015-09-06 08:00:00,156,21,36,2013-09-10T14:27:02Z,10119,3736,2773,85058,5937,5937,7802,7802
d9249ce1d14fdddffb4c9598e6a58b6118930cb8,Kietzmann,2017-04-21T14:21:57Z,64,35,29,9,1,"{'addition': 2025, 'deletion': 684, 'commits': 4}",77,1,1,2017-04-09 08:00:00,13,5,37,2014-07-24T08:36:28Z,10119,3736,2773,85058,5937,5937,7802,7802
50e9439fa2b1c51fe5a4eb3502f53089592fba3c,rnveach,2015-10-26T20:44:47Z,426,425,1,2,2,"{'addition': 45975, 'deletion': 41244, 'commits': 92}",767,12,15,2015-09-06 08:00:00,156,21,36,2013-09-10T14:27:02Z,10119,3736,2773,85058,5937,5937,7802,7802
5f5142b2325051f9ed31130167c73d154d547211,romani,2015-10-07T02:33:06Z,323,162,161,21,1,"{'addition': 325, 'deletion': 43, 'commits': 31}",2502,21,30,2013-09-08 08:00:00,321,68,6,2011-05-26T20:42:39Z,10119,3736,2773,85058,5937,5937,7802,7802
d3433c91e0a791b0d1f44bf1975e930e15ed74b8,lkuehne,2002-10-17T00:13:04Z,1306,1306,0,8,5,"{'addition': 1328, 'deletion': 703, 'commits': 28}",684,13,20,2002-01-06 08:00:00,158,1,0,2013-08-04T12:17:37Z,10119,3736,2773,85058,5937,5937,7802,7802
ddeb553834f10570089a033fa1ac1501b74ac358,Luolc,2017-04-26T17:15:14Z,713,497,216,8,2,"{'addition': 131, 'deletion': 4, 'commits': 4}",17,1,2,2017-02-26 08:00:00,14,588,75,2015-07-23T15:27:26Z,10119,3736,2773,85058,5937,5937,7802,7802
f9f60d3142533c3eebff775e8eb1159935faaba1,alexkravin,2015-02-12T12:31:11Z,818,758,60,8,1,"{'addition': 3909, 'deletion': 1276, 'commits': 23}",187,10,11,2014-11-30 08:00:00,20,1,7,2014-03-03T14:20:29Z,10119,3736,2773,85058,5937,5937,7802,7802
c225479c7d3a7b82fec7d26131ac27496d336853,Vladlis,2016-01-24T13:33:51Z,375,362,13,7,1,"{'addition': 416, 'deletion': 412, 'commits': 3}",166,9,9,2015-05-10 08:00:00,66,17,24,2014-11-11T16:13:00Z,10119,3736,2773,85058,5937,5937,7802,7802
3cd6646941eca3da7d3b9a221c88e4c1d214876e,oburn,2010-06-28T13:02:13Z,1455,869,586,17,2,"{'addition': 0, 'deletion': 0, 'commits': 0}",1190,22,31,2001-06-17 08:00:00,228,17,5,2013-08-06T03:36:41Z,10119,3736,2773,85058,5937,5937,7802,7802
1549ea4822139938296a58f59c38ae14f633c5aa,baratali,2016-04-10T21:08:02Z,220,195,25,9,1,"{'addition': 2, 'deletion': 2, 'commits': 1}",138,13,17,2014-06-15 08:00:00,43,3,13,2013-01-30T20:25:54Z,10119,3736,2773,85058,5937,5937,7802,7802
b06e2e0015944ceaa74a10134bf06ac5c9e53782,alexkravin,2014-12-17T10:00:42Z,312,288,24,7,1,"{'addition': 3231, 'deletion': 1776, 'commits': 79}",187,10,11,2014-11-30 08:00:00,20,1,7,2014-03-03T14:20:29Z,10119,3736,2773,85058,5937,5937,7802,7802
70c83141b4983d3c6073fb645158fc2755d5a6f0,ivanov-alex,2015-07-01T17:15:49Z,208,148,60,4,1,"{'addition': 420, 'deletion': 122, 'commits': 9}",32,2,2,2015-06-07 08:00:00,16,0,5,2013-03-11T15:20:13Z,10119,3736,2773,85058,5937,5937,7802,7802
e02ffc5681a2919e3028bc2efac572698665f845,Vladlis,2016-02-08T21:05:47Z,90,56,34,2,1,"{'addition': 454, 'deletion': 89, 'commits': 6}",166,9,9,2015-05-10 08:00:00,66,17,24,2014-11-11T16:13:00Z,10119,3736,2773,85058,5937,5937,7802,7802
44efd238b3b23132bcfbe86440d82fbe87d28469,sagarshah94,2017-03-18T22:05:51Z,287,215,72,18,2,"{'addition': 418, 'deletion': 32, 'commits': 8}",10,2,3,2017-02-26 08:00:00,8,0,2,2017-01-04T06:47:54Z,10119,3736,2773,85058,5937,5937,7802,7802
d35dc970390f16309861f1438038c08dc59ac290,rnveach,2015-10-22T19:21:57Z,339,241,98,10,1,"{'addition': 27269, 'deletion': 25457, 'commits': 64}",767,12,15,2015-09-06 08:00:00,156,21,36,2013-09-10T14:27:02Z,10119,3736,2773,85058,5937,5937,7802,7802
d6bdd7ee798c9c3b721483cae4efb8faa97c8f1c,baratali,2015-08-26T16:56:18Z,47,29,18,1,2,"{'addition': 2286, 'deletion': 1908, 'commits': 33}",138,13,17,2014-06-15 08:00:00,43,3,13,2013-01-30T20:25:54Z,10119,3736,2773,85058,5937,5937,7802,7802
62926b6106cbc22cb73f08c32b964c9e6e8d8b45,rnveach,2016-10-23T12:47:47Z,492,456,36,13,2,"{'addition': 382, 'deletion': 77, 'commits': 4}",767,12,15,2015-09-06 08:00:00,156,21,36,2013-09-10T14:27:02Z,10119,3736,2773,85058,5937,5937,7802,7802
bc36fe40fcfb51e720dc531a824cd6664ccc4c8b,vlsi,2014-10-30T19:59:57Z,42,26,16,1,1,"{'addition': 0, 'deletion': 0, 'commits': 0}",5,1,1,2014-10-26 08:00:00,6,204,147,2010-03-02T12:51:02Z,10119,3736,2773,85058,5937,5937,7802,7802
d3b013d07359eb5ebcbcbb1daa34722d7e28e763,romani,2014-10-21T06:10:05Z,537,530,7,8,1,"{'addition': 304, 'deletion': 91, 'commits': 22}",2502,21,30,2013-09-08 08:00:00,321,68,6,2011-05-26T20:42:39Z,10119,3736,2773,85058,5937,5937,7802,7802
ca634f7cafbf0d8f21eac1c4badacbe2f3cf8832,mkordas,2015-02-15T08:57:43Z,16,8,8,6,1,"{'addition': 22, 'deletion': 26, 'commits': 3}",713,22,28,2014-12-14 08:00:00,48,41,93,2013-09-16T06:11:30Z,10119,3736,2773,85058,5937,5937,7802,7802
068702d69533256fca702acb12740883a24e2591,mkordas,2015-08-01T19:29:14Z,30,15,15,1,1,"{'addition': 1593, 'deletion': 1088, 'commits': 58}",713,22,28,2014-12-14 08:00:00,48,41,93,2013-09-16T06:11:30Z,10119,3736,2773,85058,5937,5937,7802,7802
e8475b41261f724128c869b4de371713d86228c3,rnveach,2015-12-07T03:35:59Z,1371,765,606,24,2,"{'addition': 8615, 'deletion': 7724, 'commits': 41}",767,12,15,2015-09-06 08:00:00,156,21,36,2013-09-10T14:27:02Z,10119,3736,2773,85058,5937,5937,7802,7802
68b49fd2843f23f55dc711a89213d59f2acf3a0a,baratali,2016-02-10T00:21:35Z,1450,928,522,11,1,"{'addition': 801, 'deletion': 7, 'commits': 2}",138,13,17,2014-06-15 08:00:00,43,3,13,2013-01-30T20:25:54Z,10119,3736,2773,85058,5937,5937,7802,7802
c7d398fe4fe841913170b086404511f7ba1cd720,subkrish,2017-07-18T11:14:50Z,396,346,50,6,1,"{'addition': 8984, 'deletion': 8894, 'commits': 15}",38,1,1,2017-06-25 08:00:00,16,5,25,2016-02-09T20:27:17Z,10119,3736,2773,85058,5937,5937,7802,7802
3a7ab7d24d0b865fd95a8c72ce7e765a801ea555,romani,2015-06-14T17:34:55Z,49,33,16,1,1,"{'addition': 16778, 'deletion': 576, 'commits': 57}",2502,21,30,2013-09-08 08:00:00,321,68,6,2011-05-26T20:42:39Z,10119,3736,2773,85058,5937,5937,7802,7802
06716249cfb86d9f213f33a26877112e8ab45adc,MEZk,2016-10-22T20:52:48Z,871,770,101,8,1,"{'addition': 1260, 'deletion': 264, 'commits': 6}",243,6,6,2015-05-10 08:00:00,75,11,37,2014-04-09T19:11:43Z,10119,3736,2773,85058,5937,5937,7802,7802
4d214096fcc798a2bc4e71287339e6a8e08784c4,liscju,2016-12-07T18:11:52Z,35,34,1,3,1,"{'addition': 0, 'deletion': 0, 'commits': 0}",35,4,4,2015-03-01 08:00:00,24,1,87,2014-02-08T23:39:57Z,10119,3736,2773,85058,5937,5937,7802,7802
0fdbbda1022d3d78b5d64a2d9f7260adac377d77,liscju,2016-12-21T06:58:23Z,86,75,11,3,1,"{'addition': 34, 'deletion': 1, 'commits': 1}",35,4,4,2015-03-01 08:00:00,24,1,87,2014-02-08T23:39:57Z,10119,3736,2773,85058,5937,5937,7802,7802
d3a87162452d3f790c1848418ed4388bd27a4aa1,baratali,2016-09-11T22:13:17Z,350,294,56,6,1,"{'addition': 0, 'deletion': 0, 'commits': 0}",138,13,17,2014-06-15 08:00:00,43,3,13,2013-01-30T20:25:54Z,10119,3736,2773,85058,5937,5937,7802,7802
6a8730f03c2114a894a583731cc89bc2ec559978,sagarshah94,2017-03-18T15:31:40Z,115,113,2,5,1,"{'addition': 418, 'deletion': 32, 'commits': 8}",10,2,3,2017-02-26 08:00:00,8,0,2,2017-01-04T06:47:54Z,10119,3736,2773,85058,5937,5937,7802,7802
9e9a0b424551418e80c5a7e7badadfe80958ec82,rnveach,2016-02-19T00:09:57Z,193,185,8,7,1,"{'addition': 8432, 'deletion': 927, 'commits': 18}",767,12,15,2015-09-06 08:00:00,156,21,36,2013-09-10T14:27:02Z,10119,3736,2773,85058,5937,5937,7802,7802
3e541237a1086b22e34345ac41cb83605500d1c9,MEZk,2017-02-09T20:21:50Z,168,71,97,9,1,"{'addition': 459, 'deletion': 258, 'commits': 4}",243,6,6,2015-05-10 08:00:00,75,11,37,2014-04-09T19:11:43Z,10119,3736,2773,85058,5937,5937,7802,7802
2a0fa19e821d6c26ab6fd9889f40d33259cc6354,rnveach,2016-01-22T01:22:41Z,78,74,4,2,1,"{'addition': 0, 'deletion': 0, 'commits': 0}",767,12,15,2015-09-06 08:00:00,156,21,36,2013-09-10T14:27:02Z,10119,3736,2773,85058,5937,5937,7802,7802
3a2cb4d787e3c626bb0e2e02915cc1c37deb9d0b,rnveach,2015-10-24T01:11:00Z,2509,1262,1247,182,1,"{'addition': 27269, 'deletion': 25457, 'commits': 64}",767,12,15,2015-09-06 08:00:00,156,21,36,2013-09-10T14:27:02Z,10119,3736,2773,85058,5937,5937,7802,7802
1ab08ad4abff024bdd3fbeb6f08a1a4a61c49b65,mkordas,2015-08-16T01:24:08Z,30,15,15,11,2,"{'addition': 2006, 'deletion': 2319, 'commits': 132}",713,22,28,2014-12-14 08:00:00,48,41,93,2013-09-16T06:11:30Z,10119,3736,2773,85058,5937,5937,7802,7802
8620ce7f3e7d62f8a124ab6ed5ee2fbefb156bf3,baratali,2016-01-28T22:52:03Z,799,798,1,6,1,"{'addition': 0, 'deletion': 0, 'commits': 0}",138,13,17,2014-06-15 08:00:00,43,3,13,2013-01-30T20:25:54Z,10119,3736,2773,85058,5937,5937,7802,7802
ceedf8077728da8d462bbdf607a89da82e9a5f2b,rnveach,2015-11-06T03:40:26Z,34,17,17,3,1,"{'addition': 44477, 'deletion': 39160, 'commits': 101}",767,12,15,2015-09-06 08:00:00,156,21,36,2013-09-10T14:27:02Z,10119,3736,2773,85058,5937,5937,7802,7802
4be4abc6360709a49b231277a2513905332f9e50,ivanov-alex,2015-07-08T21:42:58Z,217,186,31,7,1,"{'addition': 290, 'deletion': 120, 'commits': 6}",32,2,2,2015-06-07 08:00:00,16,0,5,2013-03-11T15:20:13Z,10119,3736,2773,85058,5937,5937,7802,7802
0f543a21fee9dec9b388bb6f2c42540fe8bf02ec,mkordas,2015-05-03T00:06:04Z,649,325,324,33,2,"{'addition': 1773, 'deletion': 1396, 'commits': 54}",713,22,28,2014-12-14 08:00:00,48,41,93,2013-09-16T06:11:30Z,10119,3736,2773,85058,5937,5937,7802,7802
7a6bf01c4dac8aedcdbd52aeed7500ba7a3ab0f8,oburn,2007-06-04T04:02:05Z,89,69,20,5,1,"{'addition': 0, 'deletion': 0, 'commits': 0}",1190,22,31,2001-06-17 08:00:00,228,17,5,2013-08-06T03:36:41Z,10119,3736,2773,85058,5937,5937,7802,7802
1951594e90a04aa2f2b14021ce3318604218ba19,oburn,2005-07-27T20:29:28Z,895,893,2,16,2,"{'addition': 520, 'deletion': 226, 'commits': 4}",1190,22,31,2001-06-17 08:00:00,228,17,5,2013-08-06T03:36:41Z,10119,3736,2773,85058,5937,5937,7802,7802
e0d62310d703b44445a4844fe5fa9885780ba66e,rnveach,2016-02-23T20:35:55Z,1199,595,604,8,1,"{'addition': 5303, 'deletion': 336, 'commits': 19}",767,12,15,2015-09-06 08:00:00,156,21,36,2013-09-10T14:27:02Z,10119,3736,2773,85058,5937,5937,7802,7802
e794bd04c76a7beb55ebcdf1241d65187903c1c4,rdiachenko,2015-08-01T01:41:26Z,151,141,10,6,1,"{'addition': 576, 'deletion': 235, 'commits': 25}",127,9,12,2015-06-28 08:00:00,20,16,7,2011-06-25T22:10:51Z,10119,3736,2773,85058,5937,5937,7802,7802
d5a27ed79b8484eb78086114bca1b84ec07d40ba,lkuehne,2009-03-17T21:07:25Z,23,11,12,6,4,"{'addition': 0, 'deletion': 0, 'commits': 0}",684,13,20,2002-01-06 08:00:00,158,1,0,2013-08-04T12:17:37Z,10119,3736,2773,85058,5937,5937,7802,7802
6f46bd4e83204417edf9605f97098bb9d34da728,oburn,2010-09-30T03:36:23Z,21254,10627,10627,300,7,"{'addition': 5771, 'deletion': 6091, 'commits': 43}",1190,22,31,2001-06-17 08:00:00,228,17,5,2013-08-06T03:36:41Z,10119,3736,2773,85058,5937,5937,7802,7802
7f7db38a097a95c264307123924779380fb40077,os97673,2003-08-12T19:19:00Z,316,134,182,18,1,"{'addition': 473, 'deletion': 162, 'commits': 7}",297,12,13,2003-05-04 08:00:00,92,28,4,2010-10-23T05:35:09Z,10119,3736,2773,85058,5937,5937,7802,7802
c70cf22d39f9abbe0c0e2a42be4faed2ae75621c,rdiachenko,2015-08-29T21:27:43Z,33,28,5,2,1,"{'addition': 3428, 'deletion': 2578, 'commits': 75}",127,9,12,2015-06-28 08:00:00,20,16,7,2011-06-25T22:10:51Z,10119,3736,2773,85058,5937,5937,7802,7802
fca2fd4d07ad057664ec43b83a3835693a1b1c88,mkordas,2015-08-11T20:27:25Z,256,144,112,2,1,"{'addition': 1514, 'deletion': 1557, 'commits': 100}",713,22,28,2014-12-14 08:00:00,48,41,93,2013-09-16T06:11:30Z,10119,3736,2773,85058,5937,5937,7802,7802
07523b8de2b62b79677574b7528355763cd211f9,Vladlis,2016-02-08T17:00:40Z,335,241,94,4,1,"{'addition': 454, 'deletion': 89, 'commits': 6}",166,9,9,2015-05-10 08:00:00,66,17,24,2014-11-11T16:13:00Z,10119,3736,2773,85058,5937,5937,7802,7802
e6d712e4f9461f6b8641cdab50492605e0563721,liscju,2015-12-02T10:45:39Z,35,33,2,5,1,"{'addition': 0, 'deletion': 0, 'commits': 0}",35,4,4,2015-03-01 08:00:00,24,1,87,2014-02-08T23:39:57Z,10119,3736,2773,85058,5937,5937,7802,7802
99ed7a7d2c1861dbf327ea9a421ec56f10c92fc2,oburn,2003-06-09T06:20:19Z,371,304,67,10,1,"{'addition': 9252, 'deletion': 8936, 'commits': 35}",1190,22,31,2001-06-17 08:00:00,228,17,5,2013-08-06T03:36:41Z,10119,3736,2773,85058,5937,5937,7802,7802
ee33ed57cd2c88888e9821a2047f587f07283d98,Vladlis,2016-01-02T17:53:18Z,782,372,410,7,1,"{'addition': 1050, 'deletion': 1058, 'commits': 11}",166,9,9,2015-05-10 08:00:00,66,17,24,2014-11-11T16:13:00Z,10119,3736,2773,85058,5937,5937,7802,7802
5a2b09b7a3b5313f94eeb39d40d04058ae400cf5,MEZk,2015-12-28T23:52:24Z,126,124,2,2,1,"{'addition': 1641, 'deletion': 935, 'commits': 46}",243,6,6,2015-05-10 08:00:00,75,11,37,2014-04-09T19:11:43Z,10119,3736,2773,85058,5937,5937,7802,7802
70a6e2e6d34fa5a404e88e45cd62a20a06e19556,MEZk,2015-12-25T20:20:18Z,396,260,136,18,1,"{'addition': 755, 'deletion': 261, 'commits': 39}",243,6,6,2015-05-10 08:00:00,75,11,37,2014-04-09T19:11:43Z,10119,3736,2773,85058,5937,5937,7802,7802
af4ecbf9b557808a05c7b84820b4ffd28990ee33,Vladlis,2015-12-08T06:07:24Z,450,122,328,6,1,"{'addition': 2, 'deletion': 2, 'commits': 1}",166,9,9,2015-05-10 08:00:00,66,17,24,2014-11-11T16:13:00Z,10119,3736,2773,85058,5937,5937,7802,7802
36b91a59d62c9505b835717f00f470c499cf9b30,Vladlis,2015-10-30T16:28:15Z,359,268,91,3,1,"{'addition': 0, 'deletion': 0, 'commits': 0}",166,9,9,2015-05-10 08:00:00,66,17,24,2014-11-11T16:13:00Z,10119,3736,2773,85058,5937,5937,7802,7802
cdf3e56bacd3895262af8a1df9ca5c81f4071970,sabaka,2015-08-26T23:00:30Z,1425,765,660,65,1,"{'addition': 596, 'deletion': 297, 'commits': 17}",68,5,5,2015-07-19 08:00:00,21,4,15,2011-08-25T13:29:12Z,10119,3736,2773,85058,5937,5937,7802,7802
88830ca708e2deb22cae333057ebddd15f7f9c57,romani,2015-10-07T13:35:04Z,160,86,74,7,1,"{'addition': 325, 'deletion': 43, 'commits': 31}",2502,21,30,2013-09-08 08:00:00,321,68,6,2011-05-26T20:42:39Z,10119,3736,2773,85058,5937,5937,7802,7802
8d242382f8bb77488b6da23bdd0d2d61583703fc,os97673,2003-11-07T04:49:54Z,272,154,118,16,1,"{'addition': 478, 'deletion': 478, 'commits': 3}",297,12,13,2003-05-04 08:00:00,92,28,4,2010-10-23T05:35:09Z,10119,3736,2773,85058,5937,5937,7802,7802
5ca96679525171c73fc4d5c257301f51d2100071,baratali,2015-08-31T16:47:21Z,830,415,415,124,1,"{'addition': 2571, 'deletion': 2162, 'commits': 44}",138,13,17,2014-06-15 08:00:00,43,3,13,2013-01-30T20:25:54Z,10119,3736,2773,85058,5937,5937,7802,7802
3bd699bd593414d63c7139aa410f13ec8341a027,rdiachenko,2015-08-10T23:54:33Z,543,274,269,36,1,"{'addition': 1533, 'deletion': 1081, 'commits': 25}",127,9,12,2015-06-28 08:00:00,20,16,7,2011-06-25T22:10:51Z,10119,3736,2773,85058,5937,5937,7802,7802
584f7ee1232be96284255540e7249023c327ca8f,mkordas,2015-08-20T19:28:27Z,67,34,33,3,1,"{'addition': 1725, 'deletion': 2142, 'commits': 109}",713,22,28,2014-12-14 08:00:00,48,41,93,2013-09-16T06:11:30Z,10119,3736,2773,85058,5937,5937,7802,7802
437986510709d7abc64b59c72779343ac5e77599,romani,2015-06-08T02:25:45Z,15506,15500,6,157,9,"{'addition': 711, 'deletion': 262, 'commits': 35}",2502,21,30,2013-09-08 08:00:00,321,68,6,2011-05-26T20:42:39Z,10119,3736,2773,85058,5937,5937,7802,7802
fcb47f13dc5876474d9cbf9c3f5e8949b0d67887,isopov,2014-06-28T11:01:39Z,811,427,384,69,1,"{'addition': 427, 'deletion': 384, 'commits': 1}",23,1,1,2013-09-01 08:00:00,19,37,135,2010-11-01T14:41:21Z,10119,3736,2773,85058,5937,5937,7802,7802
914bf53cd079008971634897b457480a7ca1f669,romani,2015-04-03T06:35:10Z,25,11,14,4,1,"{'addition': 634, 'deletion': 541, 'commits': 29}",2502,21,30,2013-09-08 08:00:00,321,68,6,2011-05-26T20:42:39Z,10119,3736,2773,85058,5937,5937,7802,7802
f1e80e4ecae727087ca135dfd02f72e2d6213efb,mkordas,2015-08-07T18:09:57Z,222,112,110,17,1,"{'addition': 1167, 'deletion': 835, 'commits': 44}",713,22,28,2014-12-14 08:00:00,48,41,93,2013-09-16T06:11:30Z,10119,3736,2773,85058,5937,5937,7802,7802
30c3a362d45721e6925fe89ba71f0fe69d0fc471,romani,2015-10-07T00:46:02Z,262,131,131,26,1,"{'addition': 325, 'deletion': 43, 'commits': 31}",2502,21,30,2013-09-08 08:00:00,321,68,6,2011-05-26T20:42:39Z,10119,3736,2773,85058,5937,5937,7802,7802
dae75fff6161f90941aca9ba0dd902d9b11abcd4,romani,2015-10-15T01:23:13Z,2,1,1,1,1,"{'addition': 1002, 'deletion': 679, 'commits': 60}",2502,21,30,2013-09-08 08:00:00,321,68,6,2011-05-26T20:42:39Z,10119,3736,2773,85058,5937,5937,7802,7802
e689662e9d47347cb2f326e1c16901ee1c4c6367,romani,2015-07-26T05:28:45Z,217,150,67,2,1,"{'addition': 2715, 'deletion': 1213, 'commits': 107}",2502,21,30,2013-09-08 08:00:00,321,68,6,2011-05-26T20:42:39Z,10119,3736,2773,85058,5937,5937,7802,7802
0f4494ebeb6c6008fbb29d3d66569c4a7b609b7f,rdiachenko,2015-08-08T21:12:05Z,1519,760,759,9,4,"{'addition': 1724, 'deletion': 1147, 'commits': 31}",127,9,12,2015-06-28 08:00:00,20,16,7,2011-06-25T22:10:51Z,10119,3736,2773,85058,5937,5937,7802,7802
de2c3f153e77e6b3aadc039a7dfb36ecedc9f872,mkordas,2015-08-31T19:15:20Z,2,1,1,1,1,"{'addition': 3531, 'deletion': 4316, 'commits': 227}",713,22,28,2014-12-14 08:00:00,48,41,93,2013-09-16T06:11:30Z,10119,3736,2773,85058,5937,5937,7802,7802
e464c231eccec72f964131d9aeb5e49982c4b3bb,os97673,2003-06-14T17:47:41Z,319,235,84,15,1,"{'addition': 2526, 'deletion': 604, 'commits': 25}",297,12,13,2003-05-04 08:00:00,92,28,4,2010-10-23T05:35:09Z,10119,3736,2773,85058,5937,5937,7802,7802
308d5b029474c35ccc39ae764c3e8ec916baa66b,oburn,2003-04-18T08:37:34Z,251,249,2,9,1,"{'addition': 246, 'deletion': 197, 'commits': 18}",1190,22,31,2001-06-17 08:00:00,228,17,5,2013-08-06T03:36:41Z,10119,3736,2773,85058,5937,5937,7802,7802
15b4a0f888fb1d5b374fdd5ae11ec1865113c30d,lkuehne,2002-09-15T16:35:37Z,435,435,0,7,1,"{'addition': 143, 'deletion': 16, 'commits': 6}",684,13,20,2002-01-06 08:00:00,158,1,0,2013-08-04T12:17:37Z,10119,3736,2773,85058,5937,5937,7802,7802
cf85a72f3decb315c878505f474ae96b35c41431,baratali,2015-08-31T15:48:56Z,373,278,95,26,1,"{'addition': 2571, 'deletion': 2162, 'commits': 44}",138,13,17,2014-06-15 08:00:00,43,3,13,2013-01-30T20:25:54Z,10119,3736,2773,85058,5937,5937,7802,7802
5c3762cef2a69a10241801916a815f9066bca5f8,lkuehne,2003-11-08T12:29:19Z,118,104,14,3,1,"{'addition': 334, 'deletion': 83, 'commits': 15}",684,13,20,2002-01-06 08:00:00,158,1,0,2013-08-04T12:17:37Z,10119,3736,2773,85058,5937,5937,7802,7802
54ccca18635a4aeea90da86d30590df498f76b08,baratali,2015-08-18T08:24:06Z,842,421,421,118,4,"{'addition': 1810, 'deletion': 1329, 'commits': 32}",138,13,17,2014-06-15 08:00:00,43,3,13,2013-01-30T20:25:54Z,10119,3736,2773,85058,5937,5937,7802,7802
09a7ca60414ea04b64f45bb190eaa26c767086be,ychulovskyy,2014-12-27T21:49:55Z,1463,756,707,15,1,"{'addition': 964, 'deletion': 1263, 'commits': 8}",22,1,1,2014-09-07 08:00:00,12,16,31,2010-07-31T21:06:44Z,10119,3736,2773,85058,5937,5937,7802,7802
2c6e941a26d4a6b5223c0074dd3b2880591e37c2,sabaka,2015-09-01T23:08:44Z,56,51,5,2,1,"{'addition': 5542, 'deletion': 4903, 'commits': 21}",68,5,5,2015-07-19 08:00:00,21,4,15,2011-08-25T13:29:12Z,10119,3736,2773,85058,5937,5937,7802,7802
4ea84c811b7044f486971a16f4c73dd5ad4480ba,sabaka,2015-09-03T01:45:24Z,181,171,10,2,1,"{'addition': 5542, 'deletion': 4903, 'commits': 21}",68,5,5,2015-07-19 08:00:00,21,4,15,2011-08-25T13:29:12Z,10119,3736,2773,85058,5937,5937,7802,7802
c6c9ad9d33dbb2a1d060f29ade459642ef236a46,sabaka,2015-07-26T17:00:37Z,43,38,5,2,1,"{'addition': 604, 'deletion': 67, 'commits': 7}",68,5,5,2015-07-19 08:00:00,21,4,15,2011-08-25T13:29:12Z,10119,3736,2773,85058,5937,5937,7802,7802
e4282ad407f1d025c26b85c0709f2ff418b74f57,rdiachenko,2015-08-27T21:28:31Z,102,62,40,1,1,"{'addition': 2071, 'deletion': 1689, 'commits': 29}",127,9,12,2015-06-28 08:00:00,20,16,7,2011-06-25T22:10:51Z,10119,3736,2773,85058,5937,5937,7802,7802
a992ca414f212fa4cdc52d8c510e6cfae27cc67c,mkordas,2015-08-22T21:54:53Z,6,4,2,2,1,"{'addition': 3468, 'deletion': 4231, 'commits': 220}",713,22,28,2014-12-14 08:00:00,48,41,93,2013-09-16T06:11:30Z,10119,3736,2773,85058,5937,5937,7802,7802
c74d7b7549dffa19bea50b0b9207706174d20c0b,mkordas,2015-08-29T22:36:06Z,63,32,31,4,1,"{'addition': 4299, 'deletion': 5348, 'commits': 293}",713,22,28,2014-12-14 08:00:00,48,41,93,2013-09-16T06:11:30Z,10119,3736,2773,85058,5937,5937,7802,7802
9ae0be5921780b18dd61d17c47b05de3c867838e,baratali,2015-08-29T13:41:11Z,31,20,11,1,1,"{'addition': 2752, 'deletion': 2195, 'commits': 47}",138,13,17,2014-06-15 08:00:00,43,3,13,2013-01-30T20:25:54Z,10119,3736,2773,85058,5937,5937,7802,7802
779aa37ffc447d1d85ea1b082759e4040657191d,romani,2015-06-15T04:55:07Z,147,102,45,1,1,"{'addition': 16778, 'deletion': 576, 'commits': 57}",2502,21,30,2013-09-08 08:00:00,321,68,6,2011-05-26T20:42:39Z,10119,3736,2773,85058,5937,5937,7802,7802
9f93c2258ef0512b743f5927be201ff55a9d5c57,mkordas,2015-08-16T20:24:05Z,5,4,1,1,1,"{'addition': 2006, 'deletion': 2319, 'commits': 132}",713,22,28,2014-12-14 08:00:00,48,41,93,2013-09-16T06:11:30Z,10119,3736,2773,85058,5937,5937,7802,7802
0f58857d73933c7b6b7e62f0c7c16ad7af51556f,mkordas,2015-05-17T11:47:04Z,13729,4570,9159,300,5,"{'addition': 2304, 'deletion': 1754, 'commits': 56}",713,22,28,2014-12-14 08:00:00,48,41,93,2013-09-16T06:11:30Z,10119,3736,2773,85058,5937,5937,7802,7802
0024de5711531372850e883c970414563ab8e3ad,Vladlis,2015-08-28T10:38:04Z,856,704,152,5,1,"{'addition': 1, 'deletion': 2, 'commits': 1}",166,9,9,2015-05-10 08:00:00,66,17,24,2014-11-11T16:13:00Z,10119,3736,2773,85058,5937,5937,7802,7802
e7556f4af60fa1602c1b74289c6c64e1a83e4235,oburn,2002-11-06T02:52:12Z,92,62,30,4,1,"{'addition': 3920, 'deletion': 2411, 'commits': 46}",1190,22,31,2001-06-17 08:00:00,228,17,5,2013-08-06T03:36:41Z,10119,3736,2773,85058,5937,5937,7802,7802
2071f9b5421f853e8515f309b2874399c895c43a,mkordas,2015-08-23T20:17:46Z,12,6,6,5,1,"{'addition': 3468, 'deletion': 4231, 'commits': 220}",713,22,28,2014-12-14 08:00:00,48,41,93,2013-09-16T06:11:30Z,10119,3736,2773,85058,5937,5937,7802,7802
f38d8abd42c3e824635e542e6031b3da1997c02e,oburn,2007-12-20T06:21:11Z,449,403,46,154,1,"{'addition': 1376, 'deletion': 1380, 'commits': 17}",1190,22,31,2001-06-17 08:00:00,228,17,5,2013-08-06T03:36:41Z,10119,3736,2773,85058,5937,5937,7802,7802
eeb20e6c8cc86d2d283c254ddcddf89f46aa5190,mkordas,2015-08-16T21:08:23Z,4,2,2,1,1,"{'addition': 2006, 'deletion': 2319, 'commits': 132}",713,22,28,2014-12-14 08:00:00,48,41,93,2013-09-16T06:11:30Z,10119,3736,2773,85058,5937,5937,7802,7802
ac8eadea0b1fb183d56cd809a34a7b9047b47d47,alex-zuy,2015-02-27T13:09:04Z,10193,5551,4642,50,2,"{'addition': 140, 'deletion': 75, 'commits': 2}",7,1,2,2015-02-08 08:00:00,11,3,20,2014-08-26T12:31:48Z,10119,3736,2773,85058,5937,5937,7802,7802
c1a79b112296dac813d0b4326043590f2eb2c378,lkuehne,2004-04-12T10:54:27Z,253,190,63,5,1,"{'addition': 75, 'deletion': 34, 'commits': 4}",684,13,20,2002-01-06 08:00:00,158,1,0,2013-08-04T12:17:37Z,10119,3736,2773,85058,5937,5937,7802,7802
9a97b68c6987684cf1f1ccafb64906008b5dbe44,romani,2015-07-13T05:24:00Z,42,41,1,2,1,"{'addition': 1863, 'deletion': 868, 'commits': 84}",2502,21,30,2013-09-08 08:00:00,321,68,6,2011-05-26T20:42:39Z,10119,3736,2773,85058,5937,5937,7802,7802
259cc41625b88390ce26737a819aa446cfc72541,baratali,2015-08-11T11:41:57Z,78,73,5,4,1,"{'addition': 566, 'deletion': 180, 'commits': 14}",138,13,17,2014-06-15 08:00:00,43,3,13,2013-01-30T20:25:54Z,10119,3736,2773,85058,5937,5937,7802,7802
5f6be19819d22302257fd0c7ad1ebbf4f7382cba,romani,2015-07-13T05:41:37Z,8,8,0,1,1,"{'addition': 1863, 'deletion': 868, 'commits': 84}",2502,21,30,2013-09-08 08:00:00,321,68,6,2011-05-26T20:42:39Z,10119,3736,2773,85058,5937,5937,7802,7802
52ac2776d7f128ff812b73b54dcc12210661f98b,Vladlis,2015-07-10T07:46:50Z,46,23,23,2,1,"{'addition': 449, 'deletion': 89, 'commits': 8}",166,9,9,2015-05-10 08:00:00,66,17,24,2014-11-11T16:13:00Z,10119,3736,2773,85058,5937,5937,7802,7802
c3dc1a94f3f89751c5297fb55cd60ea975509d5f,romani,2015-05-15T20:23:17Z,99,72,27,4,1,"{'addition': 2011, 'deletion': 572, 'commits': 58}",2502,21,30,2013-09-08 08:00:00,321,68,6,2011-05-26T20:42:39Z,10119,3736,2773,85058,5937,5937,7802,7802
cbe38280adb03f058f89e8ea81bc0e3be2fc5b94,os97673,2005-08-05T13:33:31Z,622,486,136,12,1,"{'addition': 669, 'deletion': 252, 'commits': 8}",297,12,13,2003-05-04 08:00:00,92,28,4,2010-10-23T05:35:09Z,10119,3736,2773,85058,5937,5937,7802,7802
2fe9f501d86b6e70aa64f4474ae0863bb0b928d5,os97673,2011-10-12T20:08:33Z,155,122,33,4,1,"{'addition': 0, 'deletion': 0, 'commits': 0}",297,12,13,2003-05-04 08:00:00,92,28,4,2010-10-23T05:35:09Z,10119,3736,2773,85058,5937,5937,7802,7802
39e6f8e86ca9fa6bcdb256d5cb78a54da2c5394c,rdiachenko,2015-08-08T22:15:41Z,92,46,46,2,1,"{'addition': 1724, 'deletion': 1147, 'commits': 31}",127,9,12,2015-06-28 08:00:00,20,16,7,2011-06-25T22:10:51Z,10119,3736,2773,85058,5937,5937,7802,7802
c044038c3b932586c0d384b614254cc2d1838838,os97673,2004-01-02T08:05:48Z,1060,994,66,16,1,"{'addition': 154, 'deletion': 48, 'commits': 4}",297,12,13,2003-05-04 08:00:00,92,28,4,2010-10-23T05:35:09Z,10119,3736,2773,85058,5937,5937,7802,7802
2f5b39d41f21f2243d457b6c322e909b1911be5d,os97673,2003-10-16T06:13:41Z,860,430,430,3,1,"{'addition': 598, 'deletion': 227, 'commits': 10}",297,12,13,2003-05-04 08:00:00,92,28,4,2010-10-23T05:35:09Z,10119,3736,2773,85058,5937,5937,7802,7802
5c481899d4cfcb8369dcd0851aef21c2d8c5088a,baratali,2014-11-18T22:34:19Z,156,118,38,3,1,"{'addition': 250, 'deletion': 37, 'commits': 2}",138,13,17,2014-06-15 08:00:00,43,3,13,2013-01-30T20:25:54Z,10119,3736,2773,85058,5937,5937,7802,7802
ea963bb721aafd9584242cedf2781f0294f2b18d,rdiachenko,2015-08-19T20:14:55Z,158,114,44,8,1,"{'addition': 2059, 'deletion': 1555, 'commits': 32}",127,9,12,2015-06-28 08:00:00,20,16,7,2011-06-25T22:10:51Z,10119,3736,2773,85058,5937,5937,7802,7802
66d73fe6189267fee3423e2e8d7fc2d68599a43f,rdiachenko,2015-08-13T20:04:33Z,102,51,51,9,1,"{'addition': 1533, 'deletion': 1081, 'commits': 25}",127,9,12,2015-06-28 08:00:00,20,16,7,2011-06-25T22:10:51Z,10119,3736,2773,85058,5937,5937,7802,7802
cea7f4acbe4f286cbb031efa816f9e881278fdc3,mkordas,2015-08-20T16:34:16Z,10,5,5,4,1,"{'addition': 1725, 'deletion': 2142, 'commits': 109}",713,22,28,2014-12-14 08:00:00,48,41,93,2013-09-16T06:11:30Z,10119,3736,2773,85058,5937,5937,7802,7802
71e1707a3fb99fe92bec8b3bef89ab463c88e233,rdiachenko,2015-08-08T22:51:34Z,88,44,44,2,1,"{'addition': 1724, 'deletion': 1147, 'commits': 31}",127,9,12,2015-06-28 08:00:00,20,16,7,2011-06-25T22:10:51Z,10119,3736,2773,85058,5937,5937,7802,7802
e292d5fa53a78828d45565e27d305eb3f7cb9d6a,oburn,2010-02-14T10:24:46Z,444,410,34,12,1,"{'addition': 407, 'deletion': 603, 'commits': 7}",1190,22,31,2001-06-17 08:00:00,228,17,5,2013-08-06T03:36:41Z,10119,3736,2773,85058,5937,5937,7802,7802
ee68e92168e132ff16622a2593dcb5128ad024e6,oburn,2008-01-15T10:55:13Z,459,257,202,24,1,"{'addition': 1, 'deletion': 1, 'commits': 1}",1190,22,31,2001-06-17 08:00:00,228,17,5,2013-08-06T03:36:41Z,10119,3736,2773,85058,5937,5937,7802,7802
3ba599059682310f72e0fb7e5354be29e9ead169,pbaranchikov,2013-10-10T08:06:40Z,441,441,0,7,3,"{'addition': 0, 'deletion': 0, 'commits': 0}",5,1,3,2013-10-06 08:00:00,8,3,6,2013-02-11T11:17:14Z,10119,3736,2773,85058,5937,5937,7802,7802
5b4a81a4e1449e2baf5adca4b821c23bc87f4de2,mkordas,2015-03-22T21:52:07Z,71,68,3,5,1,"{'addition': 1413, 'deletion': 1311, 'commits': 72}",713,22,28,2014-12-14 08:00:00,48,41,93,2013-09-16T06:11:30Z,10119,3736,2773,85058,5937,5937,7802,7802
331992aacd23576c72862ea75d83f15e09af958c,sabaka,2015-08-04T22:47:54Z,45,23,22,3,1,"{'addition': 1178, 'deletion': 315, 'commits': 20}",68,5,5,2015-07-19 08:00:00,21,4,15,2011-08-25T13:29:12Z,10119,3736,2773,85058,5937,5937,7802,7802
51dae59b8dcfb5a34f2a8a5b3e788eb6599a1df3,oburn,2003-07-14T12:31:52Z,1234,1143,91,51,1,"{'addition': 1266, 'deletion': 703, 'commits': 11}",1190,22,31,2001-06-17 08:00:00,228,17,5,2013-08-06T03:36:41Z,10119,3736,2773,85058,5937,5937,7802,7802
7f1be5c858a51a68f2f34358c3ea62995b8b6b0c,oburn,2008-07-22T06:12:22Z,679,435,244,10,2,"{'addition': 1125, 'deletion': 809, 'commits': 12}",1190,22,31,2001-06-17 08:00:00,228,17,5,2013-08-06T03:36:41Z,10119,3736,2773,85058,5937,5937,7802,7802
7874cc4909f6e5104f42060528b9069669993533,romani,2015-06-14T18:00:14Z,162,121,41,1,2,"{'addition': 16778, 'deletion': 576, 'commits': 57}",2502,21,30,2013-09-08 08:00:00,321,68,6,2011-05-26T20:42:39Z,10119,3736,2773,85058,5937,5937,7802,7802
2a3be6769c4a97d090970ed52ca2333cb9aea706,maxvetrenko,2014-07-25T19:36:16Z,1325,1325,0,13,4,"{'addition': 1181, 'deletion': 2, 'commits': 4}",64,3,6,2014-06-15 08:00:00,22,5,15,2012-12-20T11:12:49Z,10119,3736,2773,85058,5937,5937,7802,7802
204c073294cdca6756bcd546d6af85a797ad7d79,alexkravin,2015-01-21T11:58:44Z,332,295,37,12,1,"{'addition': 10182, 'deletion': 9838, 'commits': 29}",187,10,11,2014-11-30 08:00:00,20,1,7,2014-03-03T14:20:29Z,10119,3736,2773,85058,5937,5937,7802,7802
df5eac375738952fdaa3bbf7de41965aa01a8cb6,MEZk,2015-08-06T08:43:27Z,818,816,2,18,1,"{'addition': 1586, 'deletion': 538, 'commits': 20}",243,6,6,2015-05-10 08:00:00,75,11,37,2014-04-09T19:11:43Z,10119,3736,2773,85058,5937,5937,7802,7802
07d2c790d86581669596f0ec83c9d7245419f634,romani,2015-07-23T06:32:46Z,356,349,7,4,1,"{'addition': 1672, 'deletion': 598, 'commits': 72}",2502,21,30,2013-09-08 08:00:00,321,68,6,2011-05-26T20:42:39Z,10119,3736,2773,85058,5937,5937,7802,7802
03a15583ca8b257f4159b27ace4d80cc71f0b174,baratali,2015-08-14T09:55:03Z,1,1,0,1,1,"{'addition': 566, 'deletion': 180, 'commits': 14}",138,13,17,2014-06-15 08:00:00,43,3,13,2013-01-30T20:25:54Z,10119,3736,2773,85058,5937,5937,7802,7802
050d1e55a819d639fe9116ec3ebd99902530c3f9,romani,2015-07-25T22:17:41Z,174,108,66,3,1,"{'addition': 2715, 'deletion': 1213, 'commits': 107}",2502,21,30,2013-09-08 08:00:00,321,68,6,2011-05-26T20:42:39Z,10119,3736,2773,85058,5937,5937,7802,7802
8571d9002a1d2a57c8bb35a04a2cf66b75efe16e,romani,2015-07-13T05:42:17Z,65,64,1,2,1,"{'addition': 1863, 'deletion': 868, 'commits': 84}",2502,21,30,2013-09-08 08:00:00,321,68,6,2011-05-26T20:42:39Z,10119,3736,2773,85058,5937,5937,7802,7802
b8ca6a585b824e91b3b8c72dd5cc53c0eb0ab0f1,alexkravin,2015-01-11T10:13:58Z,2046,1021,1025,62,2,"{'addition': 2874, 'deletion': 1652, 'commits': 21}",187,10,11,2014-11-30 08:00:00,20,1,7,2014-03-03T14:20:29Z,10119,3736,2773,85058,5937,5937,7802,7802
e3929c641ca2c2ef08d90ee506db556529088326,os97673,2005-07-26T22:56:20Z,114,93,21,4,1,"{'addition': 680, 'deletion': 323, 'commits': 8}",297,12,13,2003-05-04 08:00:00,92,28,4,2010-10-23T05:35:09Z,10119,3736,2773,85058,5937,5937,7802,7802
fb9f55e8905f9d7ff130f4f339d58ef26f3a20c7,mkordas,2015-05-16T22:58:49Z,102,56,46,1,1,"{'addition': 2304, 'deletion': 1754, 'commits': 56}",713,22,28,2014-12-14 08:00:00,48,41,93,2013-09-16T06:11:30Z,10119,3736,2773,85058,5937,5937,7802,7802
89a51ba032fd9126651fa9efad31baf10c006ddf,alexkravin,2015-01-11T10:10:20Z,2224,1112,1112,25,1,"{'addition': 2874, 'deletion': 1652, 'commits': 21}",187,10,11,2014-11-30 08:00:00,20,1,7,2014-03-03T14:20:29Z,10119,3736,2773,85058,5937,5937,7802,7802
f1afaf83f39b83cc3bd07a2388448b262652a76b,oburn,2007-12-15T08:14:40Z,678,338,340,35,1,"{'addition': 1376, 'deletion': 1380, 'commits': 17}",1190,22,31,2001-06-17 08:00:00,228,17,5,2013-08-06T03:36:41Z,10119,3736,2773,85058,5937,5937,7802,7802
c9cf116fcb4d295c3dd6fa80d73648bc7f34301c,romani,2015-04-21T17:48:28Z,127,79,48,1,1,"{'addition': 643, 'deletion': 191, 'commits': 40}",2502,21,30,2013-09-08 08:00:00,321,68,6,2011-05-26T20:42:39Z,10119,3736,2773,85058,5937,5937,7802,7802
63664e0b012593e18c5bb93ba528f27fd93fe0d4,oburn,2002-10-13T23:41:00Z,234,187,47,19,1,"{'addition': 5097, 'deletion': 1617, 'commits': 32}",1190,22,31,2001-06-17 08:00:00,228,17,5,2013-08-06T03:36:41Z,10119,3736,2773,85058,5937,5937,7802,7802
2da168644500c915660b7cfac9668b44317d81fc,MEZk,2015-08-06T10:14:52Z,96,48,48,9,1,"{'addition': 1586, 'deletion': 538, 'commits': 20}",243,6,6,2015-05-10 08:00:00,75,11,37,2014-04-09T19:11:43Z,10119,3736,2773,85058,5937,5937,7802,7802
253622ab83a78434d28d050df40cdedcec303713,oburn,2005-10-08T01:18:51Z,114,107,7,5,1,"{'addition': 348, 'deletion': 82, 'commits': 3}",1190,22,31,2001-06-17 08:00:00,228,17,5,2013-08-06T03:36:41Z,10119,3736,2773,85058,5937,5937,7802,7802
1050efd1ce522fd9ff11d0be769008e2e4a242b3,lkuehne,2002-10-19T13:19:41Z,132,132,0,2,1,"{'addition': 3315, 'deletion': 808, 'commits': 38}",684,13,20,2002-01-06 08:00:00,158,1,0,2013-08-04T12:17:37Z,10119,3736,2773,85058,5937,5937,7802,7802
dfbaeedf8bc0d68b55699b79ed0d8ff094e444f0,os97673,2005-12-15T14:38:12Z,423,204,219,8,1,"{'addition': 179, 'deletion': 179, 'commits': 4}",297,12,13,2003-05-04 08:00:00,92,28,4,2010-10-23T05:35:09Z,10119,3736,2773,85058,5937,5937,7802,7802
16dac636b246c658cad31ee9b2e45c53b851d4f2,alexkravin,2015-01-11T10:12:46Z,1209,605,604,11,1,"{'addition': 2874, 'deletion': 1652, 'commits': 21}",187,10,11,2014-11-30 08:00:00,20,1,7,2014-03-03T14:20:29Z,10119,3736,2773,85058,5937,5937,7802,7802
275f47aa0f91d635ab853b939d869896ccdb3f0f,lkuehne,2006-02-07T20:17:14Z,94,67,27,3,1,"{'addition': 12, 'deletion': 23, 'commits': 2}",684,13,20,2002-01-06 08:00:00,158,1,0,2013-08-04T12:17:37Z,10119,3736,2773,85058,5937,5937,7802,7802
cc6caa71f55ae33ad8c018e3b7915e6b93b7de81,romani,2015-06-14T03:18:56Z,61,42,19,1,1,"{'addition': 16778, 'deletion': 576, 'commits': 57}",2502,21,30,2013-09-08 08:00:00,321,68,6,2011-05-26T20:42:39Z,10119,3736,2773,85058,5937,5937,7802,7802
1bd30555eac039d0486dffb3fc43b7a34117909b,mkordas,2015-03-10T20:45:37Z,1453,726,727,158,1,"{'addition': 84, 'deletion': 99, 'commits': 20}",713,22,28,2014-12-14 08:00:00,48,41,93,2013-09-16T06:11:30Z,10119,3736,2773,85058,5937,5937,7802,7802
ea9ff3965d9c657b5b7bd2d969e075f430635c47,romani,2015-07-28T17:12:18Z,415,287,128,7,1,"{'addition': 2379, 'deletion': 1114, 'commits': 79}",2502,21,30,2013-09-08 08:00:00,321,68,6,2011-05-26T20:42:39Z,10119,3736,2773,85058,5937,5937,7802,7802
d9415ac10cfda8adb3eb3fb729f6334369ad931d,mkordas,2015-04-06T21:50:28Z,13,6,7,2,1,"{'addition': 739, 'deletion': 791, 'commits': 48}",713,22,28,2014-12-14 08:00:00,48,41,93,2013-09-16T06:11:30Z,10119,3736,2773,85058,5937,5937,7802,7802
d84869bcff9a2f0ad8d6f1d7741e07d22a78e4a6,alexkravin,2015-01-11T10:12:30Z,1202,601,601,31,1,"{'addition': 2874, 'deletion': 1652, 'commits': 21}",187,10,11,2014-11-30 08:00:00,20,1,7,2014-03-03T14:20:29Z,10119,3736,2773,85058,5937,5937,7802,7802
e59080b695ecd2f12aa8dce07f40d9a77a98d52b,mkordas,2015-07-17T19:38:31Z,8,3,5,2,1,"{'addition': 1379, 'deletion': 1125, 'commits': 23}",713,22,28,2014-12-14 08:00:00,48,41,93,2013-09-16T06:11:30Z,10119,3736,2773,85058,5937,5937,7802,7802
2f7481ee4e20ae785298c31ec2f979752dd7eb03,liscju,2015-07-21T21:40:34Z,97,83,14,5,1,"{'addition': 0, 'deletion': 0, 'commits': 0}",35,4,4,2015-03-01 08:00:00,24,1,87,2014-02-08T23:39:57Z,10119,3736,2773,85058,5937,5937,7802,7802
c4e886312aae13b6cfadceed25b1b8aec18d4a96,maxvetrenko,2014-08-03T11:00:29Z,1870,1870,0,6,1,"{'addition': 3819, 'deletion': 90, 'commits': 11}",64,3,6,2014-06-15 08:00:00,22,5,15,2012-12-20T11:12:49Z,10119,3736,2773,85058,5937,5937,7802,7802
42fc689da0fd2f8b9d6e1ea42da65479f5ad9121,Vladlis,2015-05-12T16:47:18Z,107,107,0,8,1,"{'addition': 0, 'deletion': 0, 'commits': 0}",166,9,9,2015-05-10 08:00:00,66,17,24,2014-11-11T16:13:00Z,10119,3736,2773,85058,5937,5937,7802,7802
5cfe30d7ad6b98069f66ac2494afdcebcbcc8f1d,alexkravin,2015-01-11T10:09:47Z,974,487,487,14,1,"{'addition': 2874, 'deletion': 1652, 'commits': 21}",187,10,11,2014-11-30 08:00:00,20,1,7,2014-03-03T14:20:29Z,10119,3736,2773,85058,5937,5937,7802,7802
b94bac0719851b65b59b4aafc5bd3ef029321ed7,alexkravin,2015-01-11T10:09:24Z,1984,992,992,33,1,"{'addition': 2874, 'deletion': 1652, 'commits': 21}",187,10,11,2014-11-30 08:00:00,20,1,7,2014-03-03T14:20:29Z,10119,3736,2773,85058,5937,5937,7802,7802
cd89321522d9bf7fc10547e743fb8bbb4c993791,os97673,2003-08-02T12:02:31Z,303,188,115,5,2,"{'addition': 410, 'deletion': 139, 'commits': 9}",297,12,13,2003-05-04 08:00:00,92,28,4,2010-10-23T05:35:09Z,10119,3736,2773,85058,5937,5937,7802,7802
ff12c1b012a1b18da8a1cd2101efd0173c612534,baratali,2014-10-19T17:36:31Z,1071,1058,13,7,1,"{'addition': 0, 'deletion': 0, 'commits': 0}",138,13,17,2014-06-15 08:00:00,43,3,13,2013-01-30T20:25:54Z,10119,3736,2773,85058,5937,5937,7802,7802
ff5cbc39c4882b3a3dcdbedcad9393e170148725,mkordas,2015-02-14T23:55:30Z,96,43,53,26,1,"{'addition': 22, 'deletion': 26, 'commits': 3}",713,22,28,2014-12-14 08:00:00,48,41,93,2013-09-16T06:11:30Z,10119,3736,2773,85058,5937,5937,7802,7802
bb1b29851f14bf7eaf5656e01c285c0f5f3b9000,alexkravin,2015-01-11T10:09:36Z,2418,1209,1209,48,1,"{'addition': 2874, 'deletion': 1652, 'commits': 21}",187,10,11,2014-11-30 08:00:00,20,1,7,2014-03-03T14:20:29Z,10119,3736,2773,85058,5937,5937,7802,7802
ca34984cc3dcf86773cf7958f26f3816ae0dc764,maxvetrenko,2014-10-22T13:32:49Z,91,69,22,4,1,"{'addition': 745, 'deletion': 4, 'commits': 3}",64,3,6,2014-06-15 08:00:00,22,5,15,2012-12-20T11:12:49Z,10119,3736,2773,85058,5937,5937,7802,7802
5320065461ca38393ab2402c7402cc8f65c331d4,oburn,2010-09-30T07:09:25Z,235,217,18,3,1,"{'addition': 5771, 'deletion': 6091, 'commits': 43}",1190,22,31,2001-06-17 08:00:00,228,17,5,2013-08-06T03:36:41Z,10119,3736,2773,85058,5937,5937,7802,7802
17754d363645285e49bf4323a1af5762af47a8ea,oburn,2008-07-15T22:27:42Z,374,336,38,20,1,"{'addition': 684, 'deletion': 716, 'commits': 5}",1190,22,31,2001-06-17 08:00:00,228,17,5,2013-08-06T03:36:41Z,10119,3736,2773,85058,5937,5937,7802,7802
83e498f01c49e916178c03e08a04c51dbd5a8c1d,oburn,2008-01-14T22:28:32Z,65,35,30,3,1,"{'addition': 1, 'deletion': 1, 'commits': 1}",1190,22,31,2001-06-17 08:00:00,228,17,5,2013-08-06T03:36:41Z,10119,3736,2773,85058,5937,5937,7802,7802
9f39a76cd595caf08597b89c9122e2cbb5ff8684,os97673,2005-06-12T19:43:06Z,166,140,26,12,1,"{'addition': 266, 'deletion': 130, 'commits': 4}",297,12,13,2003-05-04 08:00:00,92,28,4,2010-10-23T05:35:09Z,10119,3736,2773,85058,5937,5937,7802,7802
8dd406793d0152390b48097bd5f51696116044a8,oburn,2002-10-26T06:21:02Z,232,113,119,12,1,"{'addition': 2788, 'deletion': 1509, 'commits': 27}",1190,22,31,2001-06-17 08:00:00,228,17,5,2013-08-06T03:36:41Z,10119,3736,2773,85058,5937,5937,7802,7802
eaad55fdba73e17e103dc6600867f26fd6a3896b,os97673,2003-05-11T07:53:03Z,5197,3433,1764,29,1,"{'addition': 187, 'deletion': 20, 'commits': 2}",297,12,13,2003-05-04 08:00:00,92,28,4,2010-10-23T05:35:09Z,10119,3736,2773,85058,5937,5937,7802,7802
93390fbc8a6952bbb20571ac1b18a705814fc219,lkuehne,2002-11-17T08:05:35Z,196,100,96,3,1,"{'addition': 2578, 'deletion': 633, 'commits': 51}",684,13,20,2002-01-06 08:00:00,158,1,0,2013-08-04T12:17:37Z,10119,3736,2773,85058,5937,5937,7802,7802
7fa61f5c0b05fc44c9f55a23c816e8e072dcec0e,oburn,2002-10-29T12:39:42Z,309,173,136,13,1,"{'addition': 3113, 'deletion': 1813, 'commits': 31}",1190,22,31,2001-06-17 08:00:00,228,17,5,2013-08-06T03:36:41Z,10119,3736,2773,85058,5937,5937,7802,7802
7166b6a1d07452b72cf6f62ae2afe9846b96ad91,lkuehne,2003-02-23T08:20:36Z,146,82,64,1,1,"{'addition': 1905, 'deletion': 478, 'commits': 42}",684,13,20,2002-01-06 08:00:00,158,1,0,2013-08-04T12:17:37Z,10119,3736,2773,85058,5937,5937,7802,7802
84eddc36730c1eca845257201c71a0d1fb2d40cf,oburn,2002-10-19T06:28:06Z,697,522,175,25,1,"{'addition': 2285, 'deletion': 1048, 'commits': 17}",1190,22,31,2001-06-17 08:00:00,228,17,5,2013-08-06T03:36:41Z,10119,3736,2773,85058,5937,5937,7802,7802
669def894ec6fa19946acd3b586508aed450a4de,lkuehne,2003-02-18T05:19:08Z,555,555,0,7,1,"{'addition': 900, 'deletion': 457, 'commits': 27}",684,13,20,2002-01-06 08:00:00,158,1,0,2013-08-04T12:17:37Z,10119,3736,2773,85058,5937,5937,7802,7802
19708f981163ccbe8e4247e5f1b91caef788953b,lkuehne,2002-10-17T22:08:54Z,117,115,2,3,1,"{'addition': 1328, 'deletion': 703, 'commits': 28}",684,13,20,2002-01-06 08:00:00,158,1,0,2013-08-04T12:17:37Z,10119,3736,2773,85058,5937,5937,7802,7802
4b209708c6823dabedb3ba74bbfa92fe638f11be,lkuehne,2002-09-28T20:55:43Z,132,131,1,3,1,"{'addition': 1972, 'deletion': 449, 'commits': 25}",684,13,20,2002-01-06 08:00:00,158,1,0,2013-08-04T12:17:37Z,10119,3736,2773,85058,5937,5937,7802,7802
c682b5725d22afc38bf19d9667b23a7deab6d8c3,oburn,2002-08-10T14:15:00Z,727,524,203,9,1,"{'addition': 716, 'deletion': 233, 'commits': 9}",1190,22,31,2001-06-17 08:00:00,228,17,5,2013-08-06T03:36:41Z,10119,3736,2773,85058,5937,5937,7802,7802
2abb08a812228b6140b0a729ba1b286d1ea5996b,lkuehne,2002-04-28T12:52:34Z,25,24,1,1,1,"{'addition': 263, 'deletion': 29, 'commits': 11}",684,13,20,2002-01-06 08:00:00,158,1,0,2013-08-04T12:17:37Z,10119,3736,2773,85058,5937,5937,7802,7802
b7e092e821021b7c0dbd91eacfe369181bfa28b8,philwebb,2019-07-13T13:01:04Z,4,2,2,1,2,"{'addition': 5683, 'deletion': 5410, 'commits': 42}",3166,54,76,2012-10-21 08:00:00,267,1549,135,2010-12-12T08:58:34Z,31550,7613,3089,132482,54341,54341,33285,33285
fb0fccf3c7e1b1290ef64a1d2c388d788a5a965e,snicoll,2019-08-01T09:58:38Z,259,122,137,4,1,"{'addition': 1048, 'deletion': 622, 'commits': 50}",5178,16,22,2014-03-16 08:00:00,343,1452,176,2010-11-21T10:27:20Z,31550,7613,3089,132482,54341,54341,33285,33285
e184298c50a0089336516933e5a6ce11a60df383,mbhave,2019-07-29T21:13:35Z,89,54,35,2,1,"{'addition': 249, 'deletion': 161, 'commits': 7}",814,2,2,2016-10-02 08:00:00,188,616,37,2012-05-21T21:52:15Z,31550,7613,3089,132482,54341,54341,33285,33285
c6c139d980a50a1b39e564d44a1df6d46f8ca11b,wilkinsona,2019-06-07T09:46:31Z,63328,23855,39473,300,2,"{'addition': 15817, 'deletion': 16335, 'commits': 50}",6608,18,27,2013-10-06 08:00:00,344,1240,146,2011-07-14T09:41:59Z,31550,7613,3089,132482,54341,54341,33285,33285
68a3fbd7a0453b815966db4353405a0b5e2303d3,philwebb,2019-05-30T22:58:43Z,441,264,177,15,2,"{'addition': 350, 'deletion': 114, 'commits': 8}",3166,54,76,2012-10-21 08:00:00,267,1549,135,2010-12-12T08:58:34Z,31550,7613,3089,132482,54341,54341,33285,33285
7857dd2d7230ab48c53e8648c23647e3b793b895,bclozel,2019-06-21T09:21:13Z,70,34,36,5,1,"{'addition': 1450, 'deletion': 436, 'commits': 9}",406,3,3,2014-05-18 08:00:00,144,1019,108,2009-07-09T12:46:57Z,31550,7613,3089,132482,54341,54341,33285,33285
d5370e6852cb61e333369127a517474de2a7ec58,dreis2211,2017-12-11T16:08:38Z,5,4,1,1,1,"{'addition': 0, 'deletion': 0, 'commits': 0}",466,1,1,2016-03-27 08:00:00,153,43,44,2014-01-02T15:55:54Z,31550,7613,3089,132482,54341,54341,33285,33285
c2d1cb2c701f3c0dd06a6db298cd78e06d039c8f,ayudovin,2019-06-17T16:38:59Z,17,15,2,2,1,"{'addition': 0, 'deletion': 0, 'commits': 0}",31,1,1,2018-08-19 08:00:00,25,6,8,2017-12-26T14:36:28Z,31550,7613,3089,132482,54341,54341,33285,33285
c4122b8f8d77585c04be7c0edf7090340ffc8873,wilkinsona,2015-10-28T12:14:31Z,254,243,11,7,2,"{'addition': 1429, 'deletion': 1724, 'commits': 83}",6608,18,27,2013-10-06 08:00:00,344,1240,146,2011-07-14T09:41:59Z,31550,7613,3089,132482,54341,54341,33285,33285
44dde9fc1247e3640dbefe952f3dd6746e579eac,philwebb,2014-12-06T07:04:22Z,921,921,0,20,2,"{'addition': 3395, 'deletion': 3599, 'commits': 51}",3166,54,76,2012-10-21 08:00:00,267,1549,135,2010-12-12T08:58:34Z,31550,7613,3089,132482,54341,54341,33285,33285
fc9036a3d9398f7539569f6b436dd827413ff125,vpavic,2018-02-02T11:05:51Z,90,84,6,11,2,"{'addition': 5, 'deletion': 30, 'commits': 1}",130,1,2,2015-10-04 08:00:00,83,114,80,2011-10-24T20:27:49Z,31550,7613,3089,132482,54341,54341,33285,33285
cb7ae2e60aa2b9aefcdb166ac36d85a11d675990,wilkinsona,2017-01-17T17:01:28Z,189,188,1,6,2,"{'addition': 331, 'deletion': 213, 'commits': 46}",6608,18,27,2013-10-06 08:00:00,344,1240,146,2011-07-14T09:41:59Z,31550,7613,3089,132482,54341,54341,33285,33285
a06de4d997103b377af349b392626cb2c18c31bf,wilkinsona,2018-04-09T15:14:27Z,96,91,5,3,2,"{'addition': 570, 'deletion': 386, 'commits': 50}",6608,18,27,2013-10-06 08:00:00,344,1240,146,2011-07-14T09:41:59Z,31550,7613,3089,132482,54341,54341,33285,33285
dcf61abe30026b67ec73ad8dace4058aef2cfcdb,bclozel,2018-02-22T17:00:45Z,97,54,43,2,1,"{'addition': 142, 'deletion': 76, 'commits': 8}",406,3,3,2014-05-18 08:00:00,144,1019,108,2009-07-09T12:46:57Z,31550,7613,3089,132482,54341,54341,33285,33285
d7251f52a44141d136b24fd90e06e46213a7e94d,philwebb,2017-11-29T16:58:19Z,180,114,66,13,4,"{'addition': 3407, 'deletion': 2680, 'commits': 35}",3166,54,76,2012-10-21 08:00:00,267,1549,135,2010-12-12T08:58:34Z,31550,7613,3089,132482,54341,54341,33285,33285
67556ba8eaf22a352b03fe197a0c452f695835a6,philwebb,2017-03-07T19:26:11Z,6108,2821,3287,263,2,"{'addition': 735, 'deletion': 598, 'commits': 12}",3166,54,76,2012-10-21 08:00:00,267,1549,135,2010-12-12T08:58:34Z,31550,7613,3089,132482,54341,54341,33285,33285
fd5c43cdc97a3b17234a139b566a96eabd282639,philwebb,2017-10-13T16:14:27Z,6401,3379,3022,169,1,"{'addition': 394283, 'deletion': 393531, 'commits': 17}",3166,54,76,2012-10-21 08:00:00,267,1549,135,2010-12-12T08:58:34Z,31550,7613,3089,132482,54341,54341,33285,33285
361437f4e26a751b38a01f1f6c58ab6d9b24cb71,wilkinsona,2019-03-11T15:27:15Z,93,69,24,22,2,"{'addition': 2868, 'deletion': 2547, 'commits': 74}",6608,18,27,2013-10-06 08:00:00,344,1240,146,2011-07-14T09:41:59Z,31550,7613,3089,132482,54341,54341,33285,33285
978f80122b9138f5606bd9e33597807b90129d61,snicoll,2019-02-27T12:37:18Z,15,5,10,2,1,"{'addition': 5015, 'deletion': 2057, 'commits': 37}",5178,16,22,2014-03-16 08:00:00,343,1452,176,2010-11-21T10:27:20Z,31550,7613,3089,132482,54341,54341,33285,33285
d52b599eee5193502e27a3f5805c18cba37ddbda,bclozel,2018-11-21T09:29:55Z,70,59,11,5,1,"{'addition': 355, 'deletion': 126, 'commits': 8}",406,3,3,2014-05-18 08:00:00,144,1019,108,2009-07-09T12:46:57Z,31550,7613,3089,132482,54341,54341,33285,33285
8c896d93761999ad0de655e10ecdc5caf7fe0759,philwebb,2018-10-04T14:58:09Z,144,76,68,2,1,"{'addition': 2412, 'deletion': 1192, 'commits': 50}",3166,54,76,2012-10-21 08:00:00,267,1549,135,2010-12-12T08:58:34Z,31550,7613,3089,132482,54341,54341,33285,33285
d0de4657d4fa7c0b181a2d6ef05402deee5b5785,philwebb,2018-09-20T16:49:55Z,834,543,291,4,1,"{'addition': 2270, 'deletion': 1870, 'commits': 51}",3166,54,76,2012-10-21 08:00:00,267,1549,135,2010-12-12T08:58:34Z,31550,7613,3089,132482,54341,54341,33285,33285
3273859fdeb432e6b2b9de617f7df4ee412f4788,philwebb,2017-12-13T21:54:22Z,158,83,75,26,1,"{'addition': 2945, 'deletion': 2589, 'commits': 21}",3166,54,76,2012-10-21 08:00:00,267,1549,135,2010-12-12T08:58:34Z,31550,7613,3089,132482,54341,54341,33285,33285
9a9111af2132ff50afe4aa0704be4bce19cf76fa,philwebb,2018-07-24T15:35:37Z,761,501,260,22,2,"{'addition': 0, 'deletion': 0, 'commits': 0}",3166,54,76,2012-10-21 08:00:00,267,1549,135,2010-12-12T08:58:34Z,31550,7613,3089,132482,54341,54341,33285,33285
d6b6a5f81f1f4790f45318522c856e9e78f23510,mbhave,2018-08-06T23:29:39Z,632,629,3,16,1,"{'addition': 1098, 'deletion': 507, 'commits': 21}",814,2,2,2016-10-02 08:00:00,188,616,37,2012-05-21T21:52:15Z,31550,7613,3089,132482,54341,54341,33285,33285
e57b0e00f24a4e0d5ac3120f56aaa1991064b48f,wilkinsona,2014-12-19T23:49:15Z,441,311,130,8,2,"{'addition': 1825, 'deletion': 271, 'commits': 23}",6608,18,27,2013-10-06 08:00:00,344,1240,146,2011-07-14T09:41:59Z,31550,7613,3089,132482,54341,54341,33285,33285
497457c397d9c45b127285c5cc3f2ba36aa5b890,philwebb,2017-07-26T20:29:38Z,1680,868,812,28,1,"{'addition': 5041, 'deletion': 2954, 'commits': 13}",3166,54,76,2012-10-21 08:00:00,267,1549,135,2010-12-12T08:58:34Z,31550,7613,3089,132482,54341,54341,33285,33285
717bd2c58099e3ff9b5de66bc8e6076436f3ef31,igor-suhorukov,2018-01-27T12:13:04Z,89,37,52,21,2,"{'addition': 130, 'deletion': 125, 'commits': 5}",37,1,2,2018-01-07 08:00:00,18,48,68,2014-12-28T17:38:34Z,31550,7613,3089,132482,54341,54341,33285,33285
975e986fef1517b80eaf280edf24409ff79c5f8e,philwebb,2018-05-05T02:04:28Z,173,83,90,6,1,"{'addition': 86, 'deletion': 90, 'commits': 2}",3166,54,76,2012-10-21 08:00:00,267,1549,135,2010-12-12T08:58:34Z,31550,7613,3089,132482,54341,54341,33285,33285
a3f978793ec37319fee889f2727f5712416ff45e,philwebb,2015-10-14T06:09:09Z,1225,794,431,9,2,"{'addition': 13538, 'deletion': 10121, 'commits': 66}",3166,54,76,2012-10-21 08:00:00,267,1549,135,2010-12-12T08:58:34Z,31550,7613,3089,132482,54341,54341,33285,33285
138d66706a771339b2afe0809a5544c06c62f1f5,philwebb,2015-09-03T04:02:59Z,249,143,106,8,2,"{'addition': 0, 'deletion': 0, 'commits': 0}",3166,54,76,2012-10-21 08:00:00,267,1549,135,2010-12-12T08:58:34Z,31550,7613,3089,132482,54341,54341,33285,33285
3e4da3cc3761d0e28a22e8d370ce76d3132ca84b,philwebb,2018-02-27T20:52:37Z,273,139,134,9,1,"{'addition': 14748, 'deletion': 12291, 'commits': 53}",3166,54,76,2012-10-21 08:00:00,267,1549,135,2010-12-12T08:58:34Z,31550,7613,3089,132482,54341,54341,33285,33285
0925a0957e6643e97683e22bd9c741cf9c2bb08a,philwebb,2018-02-21T00:24:35Z,3,3,0,1,2,"{'addition': 14604, 'deletion': 11120, 'commits': 68}",3166,54,76,2012-10-21 08:00:00,267,1549,135,2010-12-12T08:58:34Z,31550,7613,3089,132482,54341,54341,33285,33285
5de46c3186b8eaad82636c59bfa071270ea686c9,philwebb,2018-02-09T00:34:49Z,244,131,113,60,1,"{'addition': 12692, 'deletion': 6953, 'commits': 63}",3166,54,76,2012-10-21 08:00:00,267,1549,135,2010-12-12T08:58:34Z,31550,7613,3089,132482,54341,54341,33285,33285
24d086066b8960ea3f98e2af73e3dcae10ae11c4,philwebb,2017-07-19T15:58:02Z,3102,2216,886,24,1,"{'addition': 577, 'deletion': 507, 'commits': 4}",3166,54,76,2012-10-21 08:00:00,267,1549,135,2010-12-12T08:58:34Z,31550,7613,3089,132482,54341,54341,33285,33285
7d5e41f7dcb5a6edddfcd6742049342fb23c0000,philwebb,2018-02-01T18:24:53Z,202,117,85,12,1,"{'addition': 22495, 'deletion': 16606, 'commits': 46}",3166,54,76,2012-10-21 08:00:00,267,1549,135,2010-12-12T08:58:34Z,31550,7613,3089,132482,54341,54341,33285,33285
8f4bf233b4895a4fade5aff41e0a309f90ba3193,philwebb,2017-11-20T05:03:26Z,1233,714,519,69,1,"{'addition': 4067, 'deletion': 2467, 'commits': 35}",3166,54,76,2012-10-21 08:00:00,267,1549,135,2010-12-12T08:58:34Z,31550,7613,3089,132482,54341,54341,33285,33285
72862b565ce507c75efb978a5bbe235e5f2094bc,philwebb,2017-11-19T04:29:43Z,107,68,39,2,1,"{'addition': 4067, 'deletion': 2467, 'commits': 35}",3166,54,76,2012-10-21 08:00:00,267,1549,135,2010-12-12T08:58:34Z,31550,7613,3089,132482,54341,54341,33285,33285
a5ae81c1c195588d08d36b5a4c29a83d101e6f76,philwebb,2016-02-06T22:48:43Z,4604,2104,2500,164,3,"{'addition': 11489, 'deletion': 11494, 'commits': 38}",3166,54,76,2012-10-21 08:00:00,267,1549,135,2010-12-12T08:58:34Z,31550,7613,3089,132482,54341,54341,33285,33285
eb045f1da13083cf2cd6f4d45184c252969be76c,snicoll,2017-09-26T16:16:45Z,54,27,27,3,1,"{'addition': 4777, 'deletion': 2922, 'commits': 70}",5178,16,22,2014-03-16 08:00:00,343,1452,176,2010-11-21T10:27:20Z,31550,7613,3089,132482,54341,54341,33285,33285
f1c5fc41b443abe8321946a12d03ad7d7bf6aeea,wilkinsona,2017-09-05T11:52:38Z,341,170,171,31,1,"{'addition': 347, 'deletion': 129, 'commits': 4}",6608,18,27,2013-10-06 08:00:00,344,1240,146,2011-07-14T09:41:59Z,31550,7613,3089,132482,54341,54341,33285,33285
06a7ab0cd5f3036e7ece4edf7c80428874afc362,philwebb,2016-12-20T21:52:53Z,254,161,93,5,2,"{'addition': 100, 'deletion': 84, 'commits': 7}",3166,54,76,2012-10-21 08:00:00,267,1549,135,2010-12-12T08:58:34Z,31550,7613,3089,132482,54341,54341,33285,33285
8e3baf3130220a331d540cb07e1aca263b721b38,philwebb,2017-07-11T20:55:45Z,711,381,330,54,1,"{'addition': 192, 'deletion': 174, 'commits': 1}",3166,54,76,2012-10-21 08:00:00,267,1549,135,2010-12-12T08:58:34Z,31550,7613,3089,132482,54341,54341,33285,33285
d4f87ae74eb887fb0f3c87ebfeebf19cc025f73f,snicoll,2017-04-28T08:07:28Z,122,55,67,24,1,"{'addition': 1193, 'deletion': 839, 'commits': 54}",5178,16,22,2014-03-16 08:00:00,343,1452,176,2010-11-21T10:27:20Z,31550,7613,3089,132482,54341,54341,33285,33285
bd83aca63f62f4ff089567272a85d565a7a0791d,philwebb,2015-01-06T19:58:28Z,136,102,34,2,1,"{'addition': 1594, 'deletion': 498, 'commits': 48}",3166,54,76,2012-10-21 08:00:00,267,1549,135,2010-12-12T08:58:34Z,31550,7613,3089,132482,54341,54341,33285,33285
deaa6089b0019da0f4ada042da91c857c46d1551,snicoll,2017-02-28T14:18:23Z,306,150,156,5,2,"{'addition': 3328, 'deletion': 846, 'commits': 38}",5178,16,22,2014-03-16 08:00:00,343,1452,176,2010-11-21T10:27:20Z,31550,7613,3089,132482,54341,54341,33285,33285
5e4238f38a4fd785c6a04dd11f23f49fdff2c286,philwebb,2013-07-29T04:48:19Z,2650,1887,763,35,2,"{'addition': 224917, 'deletion': 220422, 'commits': 74}",3166,54,76,2012-10-21 08:00:00,267,1549,135,2010-12-12T08:58:34Z,31550,7613,3089,132482,54341,54341,33285,33285
8b04973244e14dae61178986d0ae10c8c379bc7c,drumonii,2015-01-07T03:08:15Z,52,48,4,3,1,"{'addition': 1, 'deletion': 1, 'commits': 1}",5,1,1,2014-12-28 08:00:00,9,7,21,2013-02-23T21:17:14Z,31550,7613,3089,132482,54341,54341,33285,33285
1b17677e0b5bb326840c033825c236e3366562cb,philwebb,2016-11-01T04:42:58Z,324,168,156,5,2,"{'addition': 460, 'deletion': 416, 'commits': 4}",3166,54,76,2012-10-21 08:00:00,267,1549,135,2010-12-12T08:58:34Z,31550,7613,3089,132482,54341,54341,33285,33285
fa6a13859871b418d1e01fe3f8579b1bf8c5825e,philwebb,2017-01-27T04:42:51Z,676,638,38,8,2,"{'addition': 5171, 'deletion': 3483, 'commits': 55}",3166,54,76,2012-10-21 08:00:00,267,1549,135,2010-12-12T08:58:34Z,31550,7613,3089,132482,54341,54341,33285,33285
10dbf3c571258bcc788d4fd091aeb42b3c011da6,philwebb,2017-01-19T04:29:31Z,166,142,24,12,1,"{'addition': 5236, 'deletion': 2792, 'commits': 65}",3166,54,76,2012-10-21 08:00:00,267,1549,135,2010-12-12T08:58:34Z,31550,7613,3089,132482,54341,54341,33285,33285
642af52d0169577a98513c6489c74a47736c9d95,snicoll,2016-11-04T16:49:15Z,549,320,229,10,1,"{'addition': 732, 'deletion': 2778, 'commits': 20}",5178,16,22,2014-03-16 08:00:00,343,1452,176,2010-11-21T10:27:20Z,31550,7613,3089,132482,54341,54341,33285,33285
c4188c8e4a480cd65b080d2738fee099da01fc62,garyrussell,2016-03-28T19:48:50Z,1415,1412,3,16,1,"{'addition': 2, 'deletion': 2, 'commits': 2}",51,1,1,2014-04-27 08:00:00,40,599,125,2010-11-16T13:16:44Z,31550,7613,3089,132482,54341,54341,33285,33285
b6b8bef009ae855be1cd6b57ac2a898c943d8a2d,philwebb,2016-11-22T22:51:56Z,98,45,53,4,1,"{'addition': 2084, 'deletion': 1275, 'commits': 24}",3166,54,76,2012-10-21 08:00:00,267,1549,135,2010-12-12T08:58:34Z,31550,7613,3089,132482,54341,54341,33285,33285
77a1a3b3c08d8087c0e6ec8d921dac4bf55bf11f,dsyer,2016-12-20T12:54:13Z,98,94,4,2,1,"{'addition': 27, 'deletion': 10, 'commits': 2}",600,13,18,2013-04-21 08:00:00,118,3088,333,2009-09-07T08:52:49Z,31550,7613,3089,132482,54341,54341,33285,33285
c5cc626d48d7167095f37b3ba938bf9a6167a734,snicoll,2016-10-11T15:59:25Z,2503,5,2498,36,1,"{'addition': 1356, 'deletion': 5786, 'commits': 45}",5178,16,22,2014-03-16 08:00:00,343,1452,176,2010-11-21T10:27:20Z,31550,7613,3089,132482,54341,54341,33285,33285
582239b03bdf8f041f9e13bb2fa0628081e51860,philwebb,2015-07-09T06:20:47Z,511,468,43,8,1,"{'addition': 14660, 'deletion': 10337, 'commits': 60}",3166,54,76,2012-10-21 08:00:00,267,1549,135,2010-12-12T08:58:34Z,31550,7613,3089,132482,54341,54341,33285,33285
e07df7e4c6d69b5be6c56e76b854e1a3c7436e89,philwebb,2015-09-08T22:06:44Z,650,325,325,210,1,"{'addition': 2052, 'deletion': 1463, 'commits': 15}",3166,54,76,2012-10-21 08:00:00,267,1549,135,2010-12-12T08:58:34Z,31550,7613,3089,132482,54341,54341,33285,33285
868589366e5428d6ba79ee26be5ef94602e5aa85,rwinch,2015-08-25T16:16:29Z,134,117,17,4,1,"{'addition': 55, 'deletion': 2, 'commits': 2}",20,1,1,2013-08-04 08:00:00,18,981,342,2010-08-12T18:08:04Z,31550,7613,3089,132482,54341,54341,33285,33285
00d594dcda6edbd7086b888e60bd0aa6562ad2e7,wilkinsona,2015-06-29T13:50:48Z,1183,413,770,27,2,"{'addition': 1159, 'deletion': 133, 'commits': 43}",6608,18,27,2013-10-06 08:00:00,344,1240,146,2011-07-14T09:41:59Z,31550,7613,3089,132482,54341,54341,33285,33285
0e00a49dcc246893fcaf1c7a0497fac6dcbc7454,wilkinsona,2016-08-17T09:19:47Z,357,235,122,12,2,"{'addition': 656, 'deletion': 124, 'commits': 31}",6608,18,27,2013-10-06 08:00:00,344,1240,146,2011-07-14T09:41:59Z,31550,7613,3089,132482,54341,54341,33285,33285
b488a3d9a3b6adb9991e889d02b3c7244d9a17e2,wilkinsona,2016-08-31T12:30:39Z,98,95,3,3,1,"{'addition': 3116, 'deletion': 1078, 'commits': 58}",6608,18,27,2013-10-06 08:00:00,344,1240,146,2011-07-14T09:41:59Z,31550,7613,3089,132482,54341,54341,33285,33285
296dc7132b8e444df0e6173740fa6bba5a5f1bd1,philwebb,2016-07-27T02:44:47Z,666,289,377,13,1,"{'addition': 1822, 'deletion': 2223, 'commits': 39}",3166,54,76,2012-10-21 08:00:00,267,1549,135,2010-12-12T08:58:34Z,31550,7613,3089,132482,54341,54341,33285,33285
53be0f8db7688d0cd6c5a743897b1cc7be293a89,wilkinsona,2014-06-30T13:19:03Z,97,66,31,2,2,"{'addition': 707, 'deletion': 297, 'commits': 21}",6608,18,27,2013-10-06 08:00:00,344,1240,146,2011-07-14T09:41:59Z,31550,7613,3089,132482,54341,54341,33285,33285
48db5457f1060786011c0a46abea8fa9a9e05307,philwebb,2014-12-02T03:32:05Z,916,513,403,39,1,"{'addition': 3395, 'deletion': 3599, 'commits': 51}",3166,54,76,2012-10-21 08:00:00,267,1549,135,2010-12-12T08:58:34Z,31550,7613,3089,132482,54341,54341,33285,33285
d01154c212791d22d91a6c883e4d7ffea9ba9d5b,snicoll,2014-07-09T16:15:35Z,290,216,74,7,2,"{'addition': 106, 'deletion': 7, 'commits': 1}",5178,16,22,2014-03-16 08:00:00,343,1452,176,2010-11-21T10:27:20Z,31550,7613,3089,132482,54341,54341,33285,33285
81d56355715a58b511257eb79a3059477652138e,philwebb,2016-03-22T18:42:47Z,1668,1668,0,20,1,"{'addition': 6892, 'deletion': 2553, 'commits': 14}",3166,54,76,2012-10-21 08:00:00,267,1549,135,2010-12-12T08:58:34Z,31550,7613,3089,132482,54341,54341,33285,33285
2eafb3d88721e34490763d0c4ea14f17abebd736,philwebb,2016-05-31T16:33:21Z,1752,1751,1,22,1,"{'addition': 3167, 'deletion': 653, 'commits': 19}",3166,54,76,2012-10-21 08:00:00,267,1549,135,2010-12-12T08:58:34Z,31550,7613,3089,132482,54341,54341,33285,33285
eb3180d581ae372d073c18d6c3d34cc47a2139c8,wilkinsona,2016-04-04T14:41:13Z,931,854,77,20,1,"{'addition': 2933, 'deletion': 2093, 'commits': 19}",6608,18,27,2013-10-06 08:00:00,344,1240,146,2011-07-14T09:41:59Z,31550,7613,3089,132482,54341,54341,33285,33285
bbc91cc03f5df31c1985811d07abe4f9a906355e,philwebb,2016-03-22T19:04:49Z,1743,1734,9,33,1,"{'addition': 6892, 'deletion': 2553, 'commits': 14}",3166,54,76,2012-10-21 08:00:00,267,1549,135,2010-12-12T08:58:34Z,31550,7613,3089,132482,54341,54341,33285,33285
bbbb34a6900b0df4751e0e9a2b18f5c0353d6702,snicoll,2015-03-20T17:06:54Z,1101,1099,2,15,2,"{'addition': 4290, 'deletion': 926, 'commits': 8}",5178,16,22,2014-03-16 08:00:00,343,1452,176,2010-11-21T10:27:20Z,31550,7613,3089,132482,54341,54341,33285,33285
b5679594826e7b609524bea1c4ac7806af62bd5a,philwebb,2016-04-26T21:27:39Z,322,290,32,8,1,"{'addition': 8679, 'deletion': 5970, 'commits': 60}",3166,54,76,2012-10-21 08:00:00,267,1549,135,2010-12-12T08:58:34Z,31550,7613,3089,132482,54341,54341,33285,33285
a95568d3e8ef96c3a37e1ca675facded0cb16b9c,snicoll,2016-02-18T14:08:57Z,51,19,32,4,2,"{'addition': 1660, 'deletion': 2390, 'commits': 35}",5178,16,22,2014-03-16 08:00:00,343,1452,176,2010-11-21T10:27:20Z,31550,7613,3089,132482,54341,54341,33285,33285
53f67a448f8ef7a47ca5c472c26e1c1a1ef19359,gregturn,2014-10-02T17:13:01Z,2858,2857,1,32,1,"{'addition': 0, 'deletion': 0, 'commits': 0}",22,2,2,2013-05-19 08:00:00,19,656,203,2010-06-21T19:34:09Z,31550,7613,3089,132482,54341,54341,33285,33285
87fe0b2adeef85c842c009bfeebac1c84af8a5d7,wilkinsona,2016-01-13T15:52:39Z,962,227,735,27,1,"{'addition': 0, 'deletion': 0, 'commits': 0}",6608,18,27,2013-10-06 08:00:00,344,1240,146,2011-07-14T09:41:59Z,31550,7613,3089,132482,54341,54341,33285,33285
1ce617f1ae649e5b045b6227d4761f98e2c3c240,philwebb,2015-06-23T07:47:12Z,1161,401,760,163,2,"{'addition': 39669, 'deletion': 20857, 'commits': 83}",3166,54,76,2012-10-21 08:00:00,267,1549,135,2010-12-12T08:58:34Z,31550,7613,3089,132482,54341,54341,33285,33285
cca0b76ac8b9485a73f0a573a6f9edb08523198c,philwebb,2015-06-16T01:04:46Z,418,412,6,9,1,"{'addition': 39110, 'deletion': 21138, 'commits': 67}",3166,54,76,2012-10-21 08:00:00,267,1549,135,2010-12-12T08:58:34Z,31550,7613,3089,132482,54341,54341,33285,33285
447edd2c4eafde6d478690394a78cc936e9ef37c,philwebb,2015-12-14T11:38:30Z,68,61,7,3,1,"{'addition': 528, 'deletion': 406, 'commits': 6}",3166,54,76,2012-10-21 08:00:00,267,1549,135,2010-12-12T08:58:34Z,31550,7613,3089,132482,54341,54341,33285,33285
a1b1cdb18f241b73f9cf4128ec599c2df4e3d983,joshiste,2015-10-28T20:24:58Z,106,67,39,2,1,"{'addition': 0, 'deletion': 0, 'commits': 0}",9,1,1,2015-02-22 08:00:00,12,170,48,2014-09-15T13:47:38Z,31550,7613,3089,132482,54341,54341,33285,33285
d950d15f9b121ef1c0c4948543dc3d4836f66c4f,dsyer,2013-05-28T08:44:36Z,1230,833,397,21,1,"{'addition': 31652, 'deletion': 14911, 'commits': 82}",600,13,18,2013-04-21 08:00:00,118,3088,333,2009-09-07T08:52:49Z,31550,7613,3089,132482,54341,54341,33285,33285
c9fb9916b83133bd7e6dee9bdd7b27d175f495ab,philwebb,2015-10-08T06:37:10Z,5487,2833,2654,300,2,"{'addition': 4208, 'deletion': 2858, 'commits': 46}",3166,54,76,2012-10-21 08:00:00,267,1549,135,2010-12-12T08:58:34Z,31550,7613,3089,132482,54341,54341,33285,33285
36d4246289689cce081e3527930b9f4e40fb6d50,wilkinsona,2015-10-08T14:25:06Z,163,162,1,9,1,"{'addition': 1501, 'deletion': 437, 'commits': 41}",6608,18,27,2013-10-06 08:00:00,344,1240,146,2011-07-14T09:41:59Z,31550,7613,3089,132482,54341,54341,33285,33285
06f3202c68a9440cf5370a237704fcd76f55ee86,philwebb,2015-09-24T17:24:08Z,65,52,13,1,1,"{'addition': 3859, 'deletion': 2917, 'commits': 39}",3166,54,76,2012-10-21 08:00:00,267,1549,135,2010-12-12T08:58:34Z,31550,7613,3089,132482,54341,54341,33285,33285
af33cc2b97bd4eb153bb55f1ded06cc82e707027,snicoll,2014-03-31T12:00:13Z,114,73,41,6,1,"{'addition': 214, 'deletion': 128, 'commits': 5}",5178,16,22,2014-03-16 08:00:00,343,1452,176,2010-11-21T10:27:20Z,31550,7613,3089,132482,54341,54341,33285,33285
3911ce3e2992251c211e962ddc7e57ec798c3268,cdupuis,2014-01-31T10:50:57Z,64,61,3,1,1,"{'addition': 72, 'deletion': 33, 'commits': 5}",122,4,4,2013-09-15 08:00:00,30,36,7,2010-02-19T12:41:24Z,31550,7613,3089,132482,54341,54341,33285,33285
b542aa3de638aa24a1610b388aaf5aab253decc3,wilkinsona,2015-01-21T17:30:13Z,106,79,27,2,1,"{'addition': 1345, 'deletion': 328, 'commits': 21}",6608,18,27,2013-10-06 08:00:00,344,1240,146,2011-07-14T09:41:59Z,31550,7613,3089,132482,54341,54341,33285,33285
fd97c7553c8caef286ada0de8ac7490bec7286e8,philwebb,2014-12-22T23:12:51Z,159,132,27,4,1,"{'addition': 10322, 'deletion': 4970, 'commits': 104}",3166,54,76,2012-10-21 08:00:00,267,1549,135,2010-12-12T08:58:34Z,31550,7613,3089,132482,54341,54341,33285,33285
31d6a0f17a66e5342b9d2337cffdbcd3c6f2b6cd,philwebb,2015-06-04T07:44:19Z,1038,605,433,60,2,"{'addition': 690, 'deletion': 734, 'commits': 5}",3166,54,76,2012-10-21 08:00:00,267,1549,135,2010-12-12T08:58:34Z,31550,7613,3089,132482,54341,54341,33285,33285
7ceb7ce6f6593b4da47205dab42cd3fd47573471,dsyer,2015-07-08T15:13:15Z,2,2,0,1,2,"{'addition': 4381, 'deletion': 641, 'commits': 12}",600,13,18,2013-04-21 08:00:00,118,3088,333,2009-09-07T08:52:49Z,31550,7613,3089,132482,54341,54341,33285,33285
b569918db1c33847ce1d1464d7d78f692f289e99,snicoll,2015-07-28T14:27:56Z,235,195,40,7,2,"{'addition': 3973, 'deletion': 1108, 'commits': 60}",5178,16,22,2014-03-16 08:00:00,343,1452,176,2010-11-21T10:27:20Z,31550,7613,3089,132482,54341,54341,33285,33285
891dd5a0f6c23d11fb876bcceda79690e7c8efa9,philwebb,2015-08-03T18:03:32Z,266,138,128,25,2,"{'addition': 2087, 'deletion': 876, 'commits': 19}",3166,54,76,2012-10-21 08:00:00,267,1549,135,2010-12-12T08:58:34Z,31550,7613,3089,132482,54341,54341,33285,33285
12b876fbfa2de81f18dba9d3c6dbe530fc81782d,philwebb,2015-07-21T05:33:26Z,274,190,84,8,2,"{'addition': 6897, 'deletion': 4126, 'commits': 61}",3166,54,76,2012-10-21 08:00:00,267,1549,135,2010-12-12T08:58:34Z,31550,7613,3089,132482,54341,54341,33285,33285
884c058e573ff3bf3824aea414f56485d514d00d,snicoll,2014-10-31T17:18:28Z,2553,2552,1,32,1,"{'addition': 2849, 'deletion': 4, 'commits': 4}",5178,16,22,2014-03-16 08:00:00,343,1452,176,2010-11-21T10:27:20Z,31550,7613,3089,132482,54341,54341,33285,33285
9ebe15232e20e61edc91089dd0a88d3bcf5f7524,philwebb,2015-07-13T18:05:46Z,823,514,309,24,1,"{'addition': 17234, 'deletion': 12586, 'commits': 68}",3166,54,76,2012-10-21 08:00:00,267,1549,135,2010-12-12T08:58:34Z,31550,7613,3089,132482,54341,54341,33285,33285
151220f41d1108c9b84f98c6d8eddc710a0d5863,snicoll,2015-03-17T15:21:23Z,1735,1735,0,22,1,"{'addition': 4290, 'deletion': 926, 'commits': 8}",5178,16,22,2014-03-16 08:00:00,343,1452,176,2010-11-21T10:27:20Z,31550,7613,3089,132482,54341,54341,33285,33285
74e9e0749bcd54053a6a4afc534209060a3ae294,dsyer,2015-07-01T17:36:21Z,3260,3106,154,74,1,"{'addition': 234, 'deletion': 51, 'commits': 8}",600,13,18,2013-04-21 08:00:00,118,3088,333,2009-09-07T08:52:49Z,31550,7613,3089,132482,54341,54341,33285,33285
5a69bb92677e7ccfa250a8a6edd951a8961c6137,snicoll,2014-05-28T12:41:34Z,1230,1230,0,23,2,"{'addition': 2018, 'deletion': 259, 'commits': 9}",5178,16,22,2014-03-16 08:00:00,343,1452,176,2010-11-21T10:27:20Z,31550,7613,3089,132482,54341,54341,33285,33285
6dcaec2fefeb45436d1830485796295f7e9ce815,wilkinsona,2014-09-17T18:33:14Z,162,156,6,5,1,"{'addition': 281, 'deletion': 123, 'commits': 14}",6608,18,27,2013-10-06 08:00:00,344,1240,146,2011-07-14T09:41:59Z,31550,7613,3089,132482,54341,54341,33285,33285
d4b75edfbf1c36def40e1b568a4342675337de65,philwebb,2015-01-06T01:46:33Z,162,50,112,1,1,"{'addition': 1594, 'deletion': 498, 'commits': 48}",3166,54,76,2012-10-21 08:00:00,267,1549,135,2010-12-12T08:58:34Z,31550,7613,3089,132482,54341,54341,33285,33285
4cf9e0457f271aa2de6cdf2a6cc27a1bcb011e5b,wilkinsona,2014-10-09T15:02:10Z,146,146,0,3,1,"{'addition': 950, 'deletion': 171, 'commits': 20}",6608,18,27,2013-10-06 08:00:00,344,1240,146,2011-07-14T09:41:59Z,31550,7613,3089,132482,54341,54341,33285,33285
6a423d7ad1f06c976e2093ee595b04f61ba5e1de,philwebb,2014-10-09T06:03:35Z,340,313,27,5,1,"{'addition': 1523, 'deletion': 336, 'commits': 26}",3166,54,76,2012-10-21 08:00:00,267,1549,135,2010-12-12T08:58:34Z,31550,7613,3089,132482,54341,54341,33285,33285
65e9d6a6e00c5b93778d6bb2a449d52ccfc6b122,snicoll,2014-11-25T10:20:37Z,798,767,31,48,1,"{'addition': 2832, 'deletion': 801, 'commits': 32}",5178,16,22,2014-03-16 08:00:00,343,1452,176,2010-11-21T10:27:20Z,31550,7613,3089,132482,54341,54341,33285,33285
7681d0841ff48f404b891ec8958b90e91d217b2e,cdupuis,2014-01-28T13:35:33Z,24,24,0,1,1,"{'addition': 72, 'deletion': 33, 'commits': 5}",122,4,4,2013-09-15 08:00:00,30,36,7,2010-02-19T12:41:24Z,31550,7613,3089,132482,54341,54341,33285,33285
6ad626de491fe36df67d74ef17baf63d4125e10a,dsyer,2014-11-18T15:23:23Z,572,554,18,6,1,"{'addition': 1606, 'deletion': 691, 'commits': 30}",600,13,18,2013-04-21 08:00:00,118,3088,333,2009-09-07T08:52:49Z,31550,7613,3089,132482,54341,54341,33285,33285
9fde0a3715d00c1a3fc968b856db036ca4a8845c,philwebb,2013-07-07T23:23:32Z,1628,1020,608,135,1,"{'addition': 101210, 'deletion': 97807, 'commits': 27}",3166,54,76,2012-10-21 08:00:00,267,1549,135,2010-12-12T08:58:34Z,31550,7613,3089,132482,54341,54341,33285,33285
c347972729e3145359786fe2a6eb557f5f3ad2cf,wilkinsona,2014-10-20T14:24:19Z,136,96,40,7,1,"{'addition': 2049, 'deletion': 782, 'commits': 33}",6608,18,27,2013-10-06 08:00:00,344,1240,146,2011-07-14T09:41:59Z,31550,7613,3089,132482,54341,54341,33285,33285
53078c320e3273bc5ac567dd6d4852962b9111aa,dsyer,2013-05-14T09:47:14Z,12135,12042,93,49,1,"{'addition': 43855, 'deletion': 14903, 'commits': 86}",600,13,18,2013-04-21 08:00:00,118,3088,333,2009-09-07T08:52:49Z,31550,7613,3089,132482,54341,54341,33285,33285
437fb75424d1a2d852aec0a3cd16b55c3080cf30,dsyer,2014-09-13T15:55:39Z,44,39,5,4,1,"{'addition': 1324, 'deletion': 157, 'commits': 25}",600,13,18,2013-04-21 08:00:00,118,3088,333,2009-09-07T08:52:49Z,31550,7613,3089,132482,54341,54341,33285,33285
0c2bc99af373ab9b03ab15b3bb58c57b0c3b56b7,cdupuis,2014-05-22T10:18:30Z,283,250,33,6,1,"{'addition': 1534, 'deletion': 546, 'commits': 21}",122,4,4,2013-09-15 08:00:00,30,36,7,2010-02-19T12:41:24Z,31550,7613,3089,132482,54341,54341,33285,33285
5801e422cf6d011a405ca174cbe3b704637bb395,gregturn,2013-09-16T15:11:56Z,372,367,5,11,1,"{'addition': 0, 'deletion': 0, 'commits': 0}",22,2,2,2013-05-19 08:00:00,19,656,203,2010-06-21T19:34:09Z,31550,7613,3089,132482,54341,54341,33285,33285
2dc296caa9bccb3bd64807b843e578b6cee18c3e,dsyer,2013-05-17T10:57:02Z,1109,762,347,16,1,"{'addition': 43855, 'deletion': 14903, 'commits': 86}",600,13,18,2013-04-21 08:00:00,118,3088,333,2009-09-07T08:52:49Z,31550,7613,3089,132482,54341,54341,33285,33285
929bd902be7b6625eb44dd7c4b6d7b2e1671c10a,odrotbohm,2014-01-29T17:24:49Z,59,17,42,3,1,"{'addition': 4, 'deletion': 0, 'commits': 1}",22,1,1,2013-07-28 08:00:00,22,2792,94,2009-09-18T12:34:24Z,31550,7613,3089,132482,54341,54341,33285,33285
8c347fc99be62e0f8ce6413d0e830f901bc1e97b,philwebb,2013-06-12T21:00:22Z,5824,3424,2400,121,1,"{'addition': 1396, 'deletion': 397, 'commits': 4}",3166,54,76,2012-10-21 08:00:00,267,1549,135,2010-12-12T08:58:34Z,31550,7613,3089,132482,54341,54341,33285,33285
e60efc7e55933d22ac5d614fd59af64aacabdb5f,dsyer,2013-06-04T15:18:12Z,817,813,4,15,1,"{'addition': 23410, 'deletion': 5617, 'commits': 60}",600,13,18,2013-04-21 08:00:00,118,3088,333,2009-09-07T08:52:49Z,31550,7613,3089,132482,54341,54341,33285,33285
6b599b8483e2fad1b679d937bf8de6d4eb269462,cdupuis,2013-11-04T16:16:17Z,1803,1802,1,16,1,"{'addition': 0, 'deletion': 0, 'commits': 0}",122,4,4,2013-09-15 08:00:00,30,36,7,2010-02-19T12:41:24Z,31550,7613,3089,132482,54341,54341,33285,33285
2752177fba54f88d17c69f2c588a59a238ca9c2b,philwebb,2013-07-30T07:02:56Z,357,357,0,8,1,"{'addition': 132536, 'deletion': 128075, 'commits': 63}",3166,54,76,2012-10-21 08:00:00,267,1549,135,2010-12-12T08:58:34Z,31550,7613,3089,132482,54341,54341,33285,33285
840fdeb50ffce95574a3f291dccae934c0e9119c,philwebb,2013-08-15T00:08:09Z,605,290,315,9,1,"{'addition': 67558, 'deletion': 64540, 'commits': 80}",3166,54,76,2012-10-21 08:00:00,267,1549,135,2010-12-12T08:58:34Z,31550,7613,3089,132482,54341,54341,33285,33285
628a8c79aa4ba4b9dbf049dde7ec91eea7533300,dsyer,2013-04-29T07:35:01Z,327,206,121,21,1,"{'addition': 25094, 'deletion': 211, 'commits': 18}",600,13,18,2013-04-21 08:00:00,118,3088,333,2009-09-07T08:52:49Z,31550,7613,3089,132482,54341,54341,33285,33285
fb6b2244707dd5dfad12d62cb6a3c396555270d1,dsyer,2013-04-24T09:02:07Z,23494,23494,0,294,4,"{'addition': 0, 'deletion': 0, 'commits': 0}",600,13,18,2013-04-21 08:00:00,118,3088,333,2009-09-07T08:52:49Z,31550,7613,3089,132482,54341,54341,33285,33285
10c333ea10b7b290eb9f2659ea7b3897d0b6a71a,dsyer,2013-04-26T11:02:49Z,57,48,9,5,2,"{'addition': 0, 'deletion': 0, 'commits': 0}",600,13,18,2013-04-21 08:00:00,118,3088,333,2009-09-07T08:52:49Z,31550,7613,3089,132482,54341,54341,33285,33285
8bfe07c7303119393a0ce0e3078d6bd74395f5bd,dsyer,2013-05-08T14:33:25Z,717,110,607,9,1,"{'addition': 31993, 'deletion': 4381, 'commits': 49}",600,13,18,2013-04-21 08:00:00,118,3088,333,2009-09-07T08:52:49Z,31550,7613,3089,132482,54341,54341,33285,33285
